Date,GUNKUL,BANPU,RPC,SCB,SCC,BBL,BCH,PSL,HMPRO,LH,ERW,GFPT,CPN,RATCH,CPALL,TCAP,DEMCO,AKR,CKP,SCG,AI,EASTW,BTS,SUSCO,THAI,AAV,ADVANC,WHA,DELTA,TOP,SOLAR,BJC,KCE,SAWAD,PTTEP,BDMS,EA,AMATA,BEM,BAFS,TCC,CIMBT,PTT,SIRI,BEC,KTC,TVO,CBG,SUPER,AOT,KTB,PRIME,PTTGC,HANA,MBK,TAE,AEONTS,MTC,IRPC,SGP,TMB,TTW,IVL,ABPIF,STEC,CENTEL,THANI,MINT,TISCO,KBANK,PTG,BH,CHG,LHFG,BEAUTY,JMT,7UP,GLOBAL,ANAN,STA,AP,TASCO,TRUE,INTUCH,MAJOR,BAY,SPCG,SPALI,LANNA,MEGA,TU,CK,CPF,BCP,EGCO,KKP,TSE,JAS,ESSO,MDX
2014-01-31,1.328570008277893,19.6382999420166,1.8799999952316284,146.5,404.0,170.0,5.75,15.279800415039062,6.1599998474121085,7.0,3.2000000476837163,13.100000381469727,37.5,48.0,39.0,30.75,7.050000190734862,0.9900000095367432,1.9489899873733518,4.679999828338623,2.607140064239502,12.100000381469727,8.100000381469728,3.0199999809265137,13.600000381469727,3.539999961853028,206.0,2.270790100097656,52.75,52.5,5.074699878692627,42.44319915771485,11.399999618530273,,156.0,11.800000190734865,8.100000381469728,12.300000190734865,2.1878399848937993,20.399999618530273,0.9499999880790709,1.6618299484252932,27.20000076293945,1.620110034942627,47.0,2.875,19.5,,0.2466139942407608,17.450000762939453,16.600000381469727,0.9302769899368286,69.75,24.60000038146973,13.0,,87.25,,3.119999885559082,7.800000190734862,2.030159950256348,9.699999809265137,20.700000762939453,10.199999809265137,12.800000190734865,27.75,1.7834700345993042,18.909099578857425,36.75,170.0,3.4800000190734863,82.5,1.0,1.166509985923767,1.950000047683716,5.753039836883545,2.890310049057007,8.831870079040527,1.6299999952316284,11.94789981842041,3.9454500675201416,4.599999904632568,6.185160160064697,70.0,16.600000381469727,32.75,19.0,15.899999618530273,10.899999618530273,19.200000762939453,17.0,14.048800468444824,28.0,26.25,126.0,37.5,,6.949999809265138,5.6500000953674325,8.850000381469727
2014-02-28,1.5107100009918213,19.6382999420166,1.4900000095367432,151.5,422.0,173.0,5.800000190734862,19.09980010986328,6.5625,7.583330154418945,3.640000104904175,12.899999618530273,41.0,48.5,38.75,31.5,8.100000381469728,1.25,2.0827500820159908,4.8400001525878915,2.410710096359253,11.800000190734865,8.300000190734862,3.059999942779541,13.0,3.759999990463257,211.0,2.3295199871063232,53.5,51.25,5.2224998474121085,44.29690170288086,13.0,,152.0,12.800000190734865,9.199999809265137,13.5,2.164060115814209,21.0,0.9300000071525574,1.6439599990844729,28.70000076293945,1.7364699840545654,50.25,3.1749999523162837,22.0,,0.27090200781822205,18.700000762939453,17.799999237060547,0.9401739835739136,74.0,26.0,13.850000381469727,,89.5,,3.380000114440918,8.699999809265138,2.2496399879455566,9.300000190734863,20.899999618530273,10.399999618530273,15.800000190734865,30.5,1.9967999458312988,21.909099578857425,39.25,169.0,3.3399999141693115,89.5,1.0099999904632568,1.176069974899292,1.9600000381469729,5.850550174713135,2.7501699924468994,9.516030311584473,1.870000004768372,12.044300079345705,4.527269840240479,4.724999904632568,6.359389781951903,73.25,17.899999618530273,35.5,19.0,17.5,11.100000381469727,20.899999618530273,16.8125,15.609800338745115,27.5,28.5,128.0,39.75,,7.800000190734862,6.0999999046325675,9.300000190734863
2014-03-31,1.671429991722107,20.771299362182614,1.4900000095367432,157.0,420.0,177.0,7.3499999046325675,20.818700790405273,7.072919845581055,8.041669845581055,3.880000114440918,14.699999809265135,45.75,52.0,43.0,36.0,9.850000381469727,1.190000057220459,2.2547199726104736,5.0,2.339279890060425,11.5,8.399999618530272,3.119999885559082,13.899999618530273,4.0,225.0,2.46655011177063,58.0,53.0,5.813729763031006,45.90750122070313,14.75,,157.0,13.350000381469727,9.899999618530273,14.5,2.14028000831604,25.20000076293945,0.9499999880790709,1.6171499490737915,29.899999618530273,1.7096199989318848,54.0,3.525000095367432,22.399999618530273,,0.35497498512268066,19.25,18.5,0.91048401594162,72.0,30.0,14.399999618530273,,87.25,,3.5,9.949999809265137,2.23134994506836,9.75,23.10000038146973,9.350000381469727,16.0,30.25,2.133330106735229,22.18180084228516,40.5,175.5,3.619999885559082,97.0,1.0599999427795408,1.1569499969482422,1.9600000381469729,6.386849880218506,2.730020046234131,10.449000358581543,1.9900000095367432,14.742199897766113,4.8181800842285165,4.849999904632568,6.0980401039123535,77.0,19.0,37.5,19.399999618530273,17.5,11.600000381469727,21.200000762939453,17.1875,15.80490016937256,28.25,31.5,131.5,42.25,,7.949999809265138,6.1500000953674325,9.800000190734863
2014-04-30,1.9142800569534304,21.904199600219727,1.5700000524520874,166.0,444.0,190.5,7.449999809265138,21.009700775146484,7.458330154418945,9.850000381469727,3.7999999523162837,14.300000190734865,45.0,52.5,42.0,33.75,9.149999618530273,1.2799999713897705,2.2929298877716064,4.960000038146973,2.178570032119751,11.0,8.399999618530272,3.0999999046325684,13.399999618530273,4.0399999618530265,247.0,2.6035799980163574,58.5,52.5,5.665919780731201,43.83089828491211,17.625,,160.0,14.5,11.699999809265135,15.600000381469727,2.14028000831604,25.0,1.3400000333786009,1.7690399885177612,30.60000038146973,1.7185699939727783,56.0,3.5999999046325684,23.399999618530273,,0.5745000243186951,19.399999618530273,18.200000762939453,0.9302769899368286,69.5,32.25,15.300000190734865,,91.0,,3.5999999046325684,10.550000190734863,2.1033198833465576,9.949999809265137,23.29999923706055,9.350000381469727,19.0,30.75,2.133330106735229,22.545499801635746,39.5,191.5,3.5999999046325684,97.25,1.0700000524520874,1.7612899541854858,2.0,6.7768797874450675,2.7501699924468994,9.86847972869873,2.220000028610229,14.26039981842041,5.1818199157714835,5.474999904632568,5.836699962615968,77.5,19.5,37.75,21.399999618530273,19.5,13.0,22.100000381469727,17.3125,17.951200485229492,27.0,31.25,130.0,43.0,,8.300000190734862,6.3499999046325675,9.75
2014-05-31,1.8428599834442136,22.09309959411621,1.7200000286102295,161.0,418.0,186.0,7.699999809265138,19.29080009460449,7.630000114440918,9.800000190734863,3.9800000190734863,13.300000190734865,45.5,52.75,45.5,33.5,8.949999809265137,1.1399999856948853,2.369359970092773,4.940000057220459,2.214279890060425,10.800000190734863,8.300000190734862,3.0199999809265137,14.699999809265135,3.940000057220459,232.0,2.3021199703216557,58.25,50.0,5.419579982757568,42.44319915771485,19.0,11.722800254821776,154.5,16.600000381469727,14.899999618530273,15.600000381469727,2.425649881362915,28.0,1.1799999475479126,1.733299970626831,29.29999923706055,1.6469600200653076,49.5,4.300000190734863,22.60000038146973,,0.8547440171241759,18.399999618530273,18.700000762939453,0.8807939887046814,67.5,36.5,15.0,,93.5,,3.5199999809265137,8.449999809265138,2.0667400360107417,10.5,25.5,9.550000190734863,22.0,31.25,2.101330041885376,22.63640022277832,39.25,188.5,3.4800000190734863,113.0,1.2699999809265137,1.5483900308609009,2.1400001049041752,7.995749950408935,2.399830102920532,10.086199760437012,2.200000047683716,13.682299613952635,4.909090042114258,5.599999904632568,6.0544800758361825,74.25,17.100000381469727,38.25,24.399999618530273,20.0,13.699999809265135,21.700000762939453,17.0625,21.799999237060547,28.25,29.75,131.5,43.0,,7.949999809265138,6.050000190734862,10.399999618530273
2014-06-30,2.4428598880767822,22.28190040588379,1.7899999618530271,168.0,452.0,193.0,8.300000190734862,19.023399353027344,7.920000076293945,9.899999618530273,4.420000076293945,13.0,49.75,54.75,48.0,35.0,10.5,1.2000000476837158,2.4457900524139404,5.0,2.339279890060425,11.300000190734865,8.75,3.140000104904175,15.300000190734865,4.179999828338623,223.0,2.6926500797271733,62.25,52.5,6.9469099044799805,43.3650016784668,18.0,12.7524995803833,166.5,16.600000381469727,18.299999237060547,17.0,3.305550098419189,29.399999618530273,1.350000023841858,1.92985999584198,31.5,1.808079957962036,48.75,4.375,22.60000038146973,,0.9528290033340454,19.899999618530273,20.899999618530273,1.0688300132751465,68.0,33.5,14.5,4.360000133514403,103.0,,3.359999895095825,8.649999618530272,2.23134994506836,10.800000190734863,28.25,9.699999809265137,23.399999618530273,37.0,2.218669891357422,26.818199157714844,41.0,203.0,3.5,117.0,1.350000023841858,1.5483900308609009,2.299999952316284,7.508200168609619,2.510190010070801,9.650790214538574,2.700000047683716,13.875,5.7727298736572275,6.2750000953674325,8.363030433654785,74.0,18.799999237060547,47.0,26.75,22.100000381469727,14.0,21.5,16.3125,21.899999618530273,26.75,29.0,139.5,45.0,,8.350000381469728,6.0999999046325675,11.0
2014-07-31,2.2571399211883545,24.358999252319336,1.440000057220459,178.5,450.0,195.5,9.050000190734863,17.419000625610348,8.5,9.800000190734863,4.699999809265137,15.0,48.0,53.75,46.75,35.0,10.100000381469727,1.3899999856948853,3.1718900203704834,5.099999904632568,2.196429967880249,11.0,8.600000381469728,2.9800000190734863,16.0,4.559999942779541,206.0,2.9187500476837163,61.5,51.5,6.060070037841798,51.67129898071289,21.5,16.237600326538086,166.0,16.799999237060547,22.70000076293945,16.899999618530273,3.8525099754333496,28.399999618530273,1.25,1.876260042190552,32.400001525878906,1.8259799480438232,48.0,5.474999904632568,22.5,,0.8033999800682068,21.700000762939453,22.200000762939453,1.1480000019073486,66.25,34.5,15.300000190734865,4.300000190734863,104.5,,3.359999895095825,7.949999809265138,2.6154301166534424,12.199999809265135,26.75,9.649999618530273,24.10000038146973,39.5,2.0160000324249268,29.7726993560791,41.0,206.0,3.759999990463257,118.0,1.350000023841858,1.577419996261597,2.390000104904175,7.946990013122559,2.3297600746154785,9.433099746704102,2.740000009536743,13.875,6.3181800842285165,6.0999999046325675,9.704429626464844,68.5,19.600000381469727,53.25,25.5,24.5,14.0,21.200000762939453,16.5,26.5,26.75,29.0,144.0,40.75,,7.3499999046325675,6.0,10.800000190734863
2014-08-31,2.799999952316284,24.358999252319336,1.1799999475479126,188.0,438.0,205.0,9.600000381469727,19.672800064086914,8.833330154418945,10.699999809265137,4.71999979019165,17.600000381469727,49.0,58.5,47.25,35.25,14.0,1.8600000143051147,2.9808099269866943,5.349999904632568,2.107140064239502,11.300000190734865,9.699999809265137,3.0799999237060547,15.300000190734865,4.579999923706055,207.0,2.9187500476837163,64.75,52.25,7.735219955444336,44.06389999389648,18.75,16.475200653076172,162.5,19.399999618530273,24.70000076293945,16.799999237060547,3.923850059509277,28.79999923706055,1.3400000333786009,1.9656000137329104,32.0,1.86178994178772,47.0,6.75,22.5,,0.846439003944397,23.399999618530273,23.5,1.0589300394058228,62.75,39.0,16.0,5.0,115.0,,3.3399999141693115,7.199999809265138,2.743459939956665,12.300000190734865,27.25,9.800000190734863,24.899999618530273,39.5,1.9839999675750728,31.590900421142575,44.0,225.0,4.099999904632568,134.0,1.7300000190734863,1.6451599597930908,2.525000095367432,8.920209884643555,2.259690046310425,10.66670036315918,3.3199999332427983,13.682299613952635,7.045450210571289,5.75,10.640399932861328,68.5,21.600000381469727,51.0,26.25,25.5,13.899999618530273,19.5,17.3125,26.75,29.5,33.5,167.5,41.5,,6.4000000953674325,5.8499999046325675,12.699999809265135
2014-09-30,3.3857100009918213,22.470699310302734,1.190000057220459,183.0,448.0,203.0,10.399999618530273,18.565000534057614,8.583330154418945,10.399999618530273,4.980000019073486,20.0,47.0,59.25,45.25,37.25,17.5,2.400000095367432,3.4967200756073,6.050000190734862,2.053570032119751,10.899999618530273,9.899999618530273,4.739999771118164,14.399999618530273,4.679999828338623,223.0,3.247629880905152,62.25,51.5,8.819129943847656,42.220298767089844,19.375,16.79210090637207,162.5,18.5,24.29999923706055,16.100000381469727,4.613500118255615,30.20000076293945,1.9700000286102293,1.91199004650116,35.5,1.808079957962036,47.25,6.7750000953674325,22.70000076293945,,1.0712000131607056,24.0,23.79999923706055,1.2766599655151367,61.5,41.75,16.5,4.920000076293945,113.0,,3.4600000381469727,6.8499999046325675,2.78004002571106,12.0,25.75,9.199999809265137,27.0,40.5,2.0799999237060547,33.40909957885742,44.5,234.0,5.199999809265137,134.0,1.809999942779541,1.7516100406646729,3.0,9.116089820861816,2.2798399925231934,10.158699989318848,4.239999771118163,13.296899795532227,6.636360168457031,6.050000190734862,11.921199798583984,72.5,24.10000038146973,49.0,25.5,26.0,13.699999809265135,20.100000381469727,18.375,28.0,30.0,35.5,163.0,41.5,,6.5999999046325675,5.800000190734862,12.5
2014-10-31,3.5,21.526599884033203,1.399999976158142,176.0,446.0,197.0,9.800000190734863,16.34939956665039,8.719989776611326,10.199999809265137,4.6599998474121085,19.600000381469727,48.0,59.5,45.25,34.5,16.799999237060547,2.2799999713897705,3.840660095214844,6.4000000953674325,1.8392900228500368,11.0,10.199999809265137,4.2800002098083505,14.300000190734865,4.420000076293945,236.0,3.185960054397583,63.25,44.75,12.809900283813475,41.28839874267578,20.0,16.475200653076172,147.0,18.200000762939453,24.399999618530273,15.0,4.613500118255615,29.0,2.380000114440918,1.876260042190552,35.5,2.039999961853028,48.0,6.949999809265138,22.200000762939453,,1.7120100259780884,24.10000038146973,22.79999923706055,1.3558299541473389,62.0,43.0,16.299999237060547,4.6599998474121085,108.5,,3.440000057220459,6.3499999046325675,2.798330068588257,12.199999809265135,24.0,9.100000381469727,26.25,37.75,2.0053300857543945,31.36359977722168,44.5,234.0,5.75,132.0,2.0199999809265137,1.7516100406646729,3.0999999046325684,8.727069854736326,4.239990234375,9.21541976928711,3.859999895095825,13.875,6.6500000953674325,6.074999809265138,11.231499671936037,73.75,23.79999923706055,47.0,24.899999618530273,25.5,13.100000381469727,18.799999237060547,18.5,27.5,31.0,33.25,171.0,41.0,7.095240116119385,7.449999809265138,5.5,11.800000190734865
2014-11-30,4.142859935760498,20.960100173950195,1.1599999666213991,192.0,470.0,201.0,9.0,14.43939971923828,8.296870231628418,9.949999809265137,4.960000038146973,20.100000381469727,47.75,61.5,44.0,33.75,17.5,2.740000009536743,3.7451200485229488,6.3499999046325675,1.821429967880249,10.699999809265137,10.100000381469727,4.380000114440918,15.800000190734865,4.599999904632568,240.0,3.0215299129486084,74.25,43.0,15.076299667358398,38.75600051879883,20.0,17.346500396728516,140.0,18.700000762939453,26.5,15.5,4.2567901611328125,28.20000076293945,2.039999961853028,1.822649955749512,38.400001525878906,1.940000057220459,53.25,6.5,22.100000381469727,33.75,1.903290033340454,27.10000038146973,24.0,1.217280030250549,64.0,41.0,15.5,4.420000076293945,107.0,12.199999809265135,3.359999895095825,5.25,2.9080700874328613,11.899999618530273,22.5,9.100000381469727,27.75,35.5,1.930670022964477,33.18180084228516,45.75,248.0,6.1500000953674325,146.0,1.9600000381469729,1.8774199485778809,3.3499999046325684,8.873330116271973,3.573470115661621,8.925169944763184,3.7799999713897705,12.911499977111815,6.699999809265138,6.574999809265138,12.019700050354006,75.25,26.25,47.25,28.75,26.5,12.399999618530273,16.899999618530273,21.375,27.75,28.25,36.25,169.5,41.0,8.476189613342285,7.9000000953674325,5.349999904632568,11.300000190734865
2014-12-31,3.964279890060425,18.882999420166016,1.1200000047683716,185.0,456.0,193.5,7.949999809265138,10.772299766540527,7.546870231628418,9.149999618530273,4.639999866485597,18.299999237060547,45.75,58.75,40.5,32.0,12.800000190734865,2.5,3.4011800289154053,6.25,1.5625,10.800000190734863,9.5,3.7799999713897705,14.5,4.3400001525878915,249.0,2.5693299770355225,72.25,42.5,12.809900283813475,35.9906005859375,16.75,19.247499465942386,114.0,17.5,24.29999923706055,15.699999809265135,4.661059856414795,25.20000076293945,1.830000042915344,1.6797000169754028,32.59999847412109,1.6799999475479126,50.0,6.5250000953674325,21.600000381469727,32.5,1.5876699686050415,27.5,22.79999923706055,1.0668200254440308,52.0,37.5,14.399999618530273,3.7000000476837163,108.0,12.0,3.0199999809265137,4.849999904632568,2.6885900497436523,11.300000190734865,20.0,9.050000190734863,23.29999923706055,31.75,1.7920000553131104,29.318199157714844,43.75,228.0,5.800000190734862,143.0,1.7999999523162842,1.9161299467086792,3.3499999046325684,8.044500350952147,3.2000000476837163,7.546480178833008,3.119999885559082,12.33329963684082,6.0,6.4000000953674325,10.935999870300293,78.25,27.25,44.0,26.75,23.60000038146973,11.600000381469727,16.899999618530273,22.059999465942386,24.899999618530273,27.5,31.75,159.5,39.5,7.5238099098205575,7.199999809265138,4.599999904632568,9.699999809265137
2015-01-31,4.25,18.20319938659668,1.1699999570846558,180.0,488.0,192.0,8.699999809265138,10.390299797058104,7.6875,9.399999618530273,4.820000171661377,15.899999618530273,45.5,60.75,41.75,33.5,15.5,3.0799999237060547,3.3820700645446777,6.199999809265138,2.0357100963592534,11.100000381469727,9.949999809265137,3.7200000286102295,15.300000190734865,5.400000095367432,252.0,3.103749990463257,73.25,50.25,16.455799102783207,38.290000915527344,23.375,25.94059944152832,113.0,18.899999618530273,25.5,16.799999237060547,4.49459981918335,25.399999618530273,1.8799999952316284,1.822649955749512,35.400001525878906,1.7999999523162842,51.25,6.2750000953674325,22.200000762939453,34.25,1.9299999475479128,31.0,22.79999923706055,1.0867600440979004,56.0,40.5,14.5,3.859999895095825,110.0,18.0,3.400000095367432,6.1500000953674325,2.871490001678467,12.199999809265135,21.0,9.149999618530273,26.0,34.75,2.1760001182556152,32.954498291015625,46.75,223.0,5.800000190734862,160.5,1.9299999475479128,1.9354799985885618,3.75,7.703219890594482,4.0399999618530265,8.054420471191406,3.7200000286102295,13.200499534606935,6.3499999046325675,8.0,13.39900016784668,83.0,27.0,71.25,27.75,24.70000076293945,11.600000381469727,17.5,22.100000381469727,29.5,25.5,34.0,166.5,40.25,7.23809003829956,8.199999809265138,5.150000095367432,11.0
2015-02-28,5.288569927215576,22.470699310302734,1.2200000286102295,170.5,528.0,184.5,8.550000190734862,13.140600204467773,8.015620231628418,10.399999618530273,4.619999885559082,14.199999809265135,44.5,61.75,40.75,35.5,14.100000381469727,3.0,3.3247499465942383,6.1500000953674325,2.071429967880249,10.899999618530273,9.600000381469727,4.059999942779541,13.5,5.349999904632568,232.0,3.29544997215271,67.25,51.75,16.061700820922848,35.9906005859375,26.5,31.28709983825684,114.0,21.299999237060547,29.75,18.399999618530273,5.231800079345703,26.79999923706055,2.0999999046325684,1.7422399520874023,34.09999847412109,1.950000047683716,47.5,8.699999809265138,23.0,34.5,2.1800000667572017,31.10000038146973,22.899999618530273,1.0369000434875488,55.75,40.25,14.5,4.199999809265137,107.0,19.200000762939453,4.260000228881837,5.5,2.7617499828338623,12.5,26.0,9.149999618530273,24.79999923706055,31.5,3.6710400581359854,31.818199157714844,46.5,216.0,7.3499999046325675,155.5,1.919999957084656,1.9258099794387815,4.275000095367432,9.409629821777344,3.5999999046325684,8.489789962768555,4.179999828338623,13.296899795532227,6.800000190734862,9.399999618530273,14.679800033569336,78.5,30.0,64.75,28.75,23.79999923706055,13.600000381469727,18.399999618530273,22.200000762939453,27.5,24.60000038146973,34.5,158.0,39.5,7.4761900901794425,8.949999809265137,6.199999809265138,11.300000190734865
2015-03-31,4.714280128479004,22.09309959411621,1.1100000143051147,178.5,510.0,181.5,8.050000190734862,11.001500129699707,7.546870231628418,9.850000381469727,4.71999979019165,11.199999809265137,43.5,61.5,40.5,35.25,13.800000190734865,2.440000057220459,3.1909999847412114,6.0999999046325675,1.508929967880249,11.0,9.100000381469727,3.380000114440918,11.100000381469727,5.0,241.0,2.8909099102020264,76.0,52.0,13.499699592590332,32.992198944091804,26.5,31.28709983825684,107.5,20.200000762939453,25.25,16.100000381469727,4.39946985244751,24.60000038146973,2.0,1.6350200176239014,32.09999847412109,1.8200000524520876,41.0,9.199999809265137,21.5,37.5,1.950000047683716,28.20000076293945,22.899999618530273,0.917261004447937,53.0,43.0,14.100000381469727,3.380000114440918,102.0,18.399999618530273,4.2800002098083505,5.75,2.743459939956665,11.5,24.899999618530273,8.699999809265138,21.299999237060547,33.0,2.1247999668121342,31.36000061035156,45.75,229.0,9.5,149.0,1.919999957084656,1.7225799560546875,4.300000190734863,9.555890083312988,2.9600000381469727,7.67087984085083,3.740000009536743,11.466099739074707,7.0999999046325675,10.649999618530273,12.315299987792967,77.5,32.0,42.0,27.5,21.700000762939453,12.300000190734865,18.5,19.899999618530273,24.60000038146973,21.899999618530273,32.5,148.5,39.0,6.047619819641112,5.699999809265138,5.8499999046325675,9.5
2015-04-30,4.910709857940674,22.09309959411621,1.1599999666213991,160.0,534.0,182.5,8.5,10.390299797058104,7.1500000953674325,9.449999809265137,4.579999923706055,11.600000381469727,42.0,60.0,41.25,34.0,13.300000190734865,2.2799999713897705,3.2999999523162837,6.199999809265138,1.616070032119751,11.0,9.25,3.5,12.899999618530273,4.760000228881836,241.0,3.6363599300384517,82.5,57.0,16.200000762939453,33.44810104370117,25.75,33.932701110839844,116.5,20.100000381469727,26.5,17.5,4.518380165100098,28.0,2.1800000667572017,1.6260900497436523,35.29999923706055,1.8899999856948853,40.25,10.5,21.799999237060547,40.5,2.1600000858306885,28.79999923706055,20.0,1.0069899559020996,63.75,43.5,13.800000190734865,3.6800000667572017,100.5,19.100000381469727,4.539999961853027,6.0999999046325675,2.3776700496673584,11.300000190734865,25.25,8.699999809265138,20.399999618530273,32.5,2.1247999668121342,32.5,45.25,209.0,10.699999809265137,161.5,1.919999957084656,1.8200000524520876,4.175000190734863,9.399999618530273,2.559999942779541,8.085519790649414,3.5199999809265137,12.526000022888185,7.300000190734862,15.199999809265135,12.118200302124025,76.5,33.5,40.25,27.0,20.0,12.800000190734865,17.5,20.5,24.899999618530273,22.100000381469727,35.25,150.5,37.0,6.428569793701173,5.5,6.199999809265138,9.899999618530273
2015-05-31,4.464280128479004,19.82710075378418,1.1299999952316284,160.5,534.0,182.0,7.050000190734862,8.350000381469728,6.6500000953674325,9.199999809265137,4.380000114440918,12.699999809265135,44.0,58.0,45.5,34.0,13.0,1.870000004768372,3.0,6.199999809265138,1.5199999809265137,11.5,9.350000381469727,3.359999895095825,13.800000190734865,4.699999809265137,235.0,3.3818199634552,83.25,52.5,15.399999618530273,31.60449981689453,26.25,32.72079849243164,108.5,19.399999618530273,23.899999618530273,16.899999618530273,4.447030067443848,26.25,2.1199998855590816,1.5099400281906128,35.29999923706055,1.8500000238418581,37.5,9.475000381469727,22.5,40.5,1.940000057220459,29.60000038146973,18.200000762939453,0.9970229864120485,65.5,42.0,15.600000381469727,3.5,95.0,18.299999237060547,4.119999885559082,5.550000190734863,2.3045101165771484,11.199999809265137,26.25,8.75,22.299999237060547,36.25,1.9967999458312988,30.0,44.75,196.5,11.899999618530273,170.5,1.7899999618530271,1.6000000238418581,4.059999942779541,8.949999809265137,1.7100000381469729,7.297699928283691,3.559999942779541,12.911499977111815,7.050000190734862,17.899999618530273,11.231499671936037,77.25,33.5,36.75,26.5,18.0,12.399999618530273,19.0,20.299999237060547,26.25,24.399999618530273,32.75,150.5,35.5,5.952380180358888,5.449999809265137,6.300000190734862,8.899999618530273
2015-06-30,4.910709857940674,19.26059913635254,1.1100000143051147,160.0,518.0,180.0,7.050000190734862,9.149999618530273,6.75,9.100000381469727,4.260000228881837,12.300000190734865,47.25,57.5,45.75,33.25,14.5,1.8600000143051147,2.9800000190734863,5.949999809265138,1.5199999809265137,11.699999809265135,10.0,3.4800000190734863,13.100000381469727,4.3400001525878915,239.0,3.5999999046325684,92.25,55.25,15.800000190734865,33.44810104370117,27.5,32.114898681640625,110.0,19.5,23.60000038146973,15.199999809265135,4.613500118255615,25.75,2.039999961853028,1.5010000467300415,36.20000076293945,1.75,38.0,9.725000381469727,22.5,43.0,1.8799999952316284,30.70000076293945,17.5,0.9372019767761229,69.5,39.75,15.800000190734865,3.5799999237060547,94.0,19.200000762939453,4.440000057220459,5.599999904632568,2.2496399879455566,11.399999618530273,27.25,8.850000381469727,23.60000038146973,38.5,1.8176000118255613,30.0,47.0,195.5,15.699999809265135,184.5,1.8600000143051147,1.8400000333786009,4.0,7.699999809265138,1.6200000047683716,7.256229877471924,3.5999999046325684,12.429699897766113,7.199999809265138,22.5,11.231499671936037,77.75,32.25,33.75,26.5,19.0,12.0,18.799999237060547,21.200000762939453,27.0,24.10000038146973,34.5,153.0,35.75,6.5238099098205575,5.449999809265137,6.4000000953674325,8.649999618530272
2015-07-31,3.7457098960876474,18.580799102783203,1.0499999523162842,150.0,520.0,164.0,6.800000190734862,8.300000190734862,6.1500000953674325,7.9000000953674325,3.859999895095825,9.800000190734863,46.0,53.75,47.75,30.5,11.899999618530273,1.809999942779541,2.539999961853028,6.0,1.5199999809265137,11.5,9.899999618530273,3.119999885559082,12.699999809265135,4.900000095367432,247.0,3.400000095367432,78.5,48.75,12.600000381469727,30.915700912475586,26.5,29.28709983825684,92.0,19.799999237060547,21.5,13.899999618530273,4.304349899291991,24.79999923706055,1.8799999952316284,1.5099400281906128,31.899999618530273,1.6699999570846558,36.0,7.875,24.20000076293945,37.25,1.3899999856948853,29.70000076293945,17.0,0.8474699854850769,61.25,31.75,14.100000381469727,3.380000114440918,88.25,18.899999618530273,4.1599998474121085,5.099999904632568,2.121609926223755,11.5,25.25,8.899999618530273,22.79999923706055,36.0,1.6512000560760498,29.25,42.75,173.5,14.399999618530273,201.0,1.8899999856948853,1.7200000286102295,4.139999866485597,7.4000000953674325,1.2300000190734863,6.675730228424072,3.1800000667572017,11.755200386047365,5.8499999046325675,24.20000076293945,10.541899681091307,81.25,31.0,31.5,24.10000038146973,17.100000381469727,11.100000381469727,17.399999618530273,18.799999237060547,25.75,20.399999618530273,33.0,154.0,31.0,5.714280128479004,5.0,5.300000190734863,6.5
2015-08-31,3.642859935760498,15.937199592590332,0.8899999856948853,144.0,482.0,166.0,6.3499999046325675,7.199999809265138,7.25,8.050000190734862,3.7200000286102295,8.600000381469728,44.75,53.25,49.0,29.25,11.899999618530273,1.7799999713897705,2.5,5.550000190734863,1.5199999809265137,11.300000190734865,9.649999618530273,2.9200000762939453,10.199999809265137,4.380000114440918,230.0,3.1272699832916264,80.0,50.75,12.100000381469727,27.917299270629886,26.0,29.89310073852539,80.5,19.299999237060547,19.899999618530273,11.300000190734865,4.1616601943969735,26.0,1.6599999666213991,1.3312499523162842,27.10000038146973,1.5700000524520874,33.75,8.574999809265138,27.5,39.0,1.809999942779541,27.20000076293945,18.100000381469727,0.8075889945030212,57.75,25.25,14.800000190734865,3.140000104904175,84.0,16.600000381469727,3.7999999523162837,5.349999904632568,2.1581900119781494,11.100000381469727,21.0,8.899999618530273,25.0,33.75,1.5615999698638916,25.5,38.25,178.0,13.5,222.0,1.8899999856948853,1.6000000238418581,4.420000076293945,6.9000000953674325,1.1200000047683716,8.707480430603027,3.0199999809265137,11.080699920654297,5.349999904632568,25.25,9.556650161743164,77.0,31.5,31.0,23.79999923706055,16.600000381469727,10.699999809265137,17.899999618530273,17.299999237060547,26.5,19.299999237060547,33.75,159.0,32.75,5.476190090179443,5.199999809265137,5.050000190734863,6.300000190734862
2015-09-30,3.5714299678802486,15.559599876403807,0.8899999856948853,136.0,464.0,160.5,6.8499999046325675,7.3499999046325675,6.75,8.050000190734862,3.7200000286102295,9.800000190734863,44.25,53.0,47.5,31.5,11.899999618530273,1.8400000333786009,2.4800000190734863,5.6500000953674325,1.5199999809265137,11.300000190734865,9.75,3.140000104904175,10.300000190734863,4.300000190734863,228.0,3.1600000858306885,89.75,52.0,12.199999809265135,30.21669960021973,27.625,29.89310073852539,70.75,18.700000762939453,21.700000762939453,12.300000190734865,4.2567901611328125,25.25,1.7200000286102295,1.4388200044631958,24.29999923706055,1.7100000381469729,32.25,9.5,28.75,39.0,1.559999942779541,27.899999618530273,17.0,0.7976189851760864,53.5,28.25,14.0,3.0799999237060547,95.5,15.699999809265135,3.7799999713897705,5.449999809265137,2.213059902191162,10.800000190734863,22.5,8.300000190734862,24.399999618530273,37.25,1.6128000020980835,28.75,36.0,175.5,14.600000381469727,220.0,2.1800000667572017,1.5800000429153442,4.519999980926514,7.5,1.25,9.536760330200195,3.5999999046325684,10.887999534606934,5.550000190734863,30.0,9.4581298828125,73.0,32.25,30.25,24.0,18.5,10.600000381469727,18.200000762939453,18.600000381469727,27.25,20.799999237060547,34.25,152.0,30.5,5.142859935760498,5.5,5.150000095367432,7.050000190734862
2015-10-31,4.303569793701172,16.390399932861328,0.8899999856948853,134.5,454.0,165.5,6.6500000953674325,6.800000190734862,7.050000190734862,8.449999809265138,3.940000057220459,10.399999618530273,45.75,53.5,49.75,33.5,12.600000381469727,1.830000042915344,2.5,5.400000095367432,1.5199999809265137,11.300000190734865,9.649999618530273,3.039999961853028,10.300000190734863,4.539999961853027,231.0,3.220000028610229,84.5,54.0,11.800000190734865,33.44810104370117,30.375,35.34410095214844,73.0,19.299999237060547,23.10000038146973,13.600000381469727,4.2567901611328125,25.75,1.8400000333786009,1.2958899736404421,28.29999923706055,1.7000000476837158,31.0,9.899999618530273,27.0,39.0,1.4900000095367432,29.60000038146973,17.0,0.8275290131568909,55.25,35.0,13.699999809265135,3.240000009536743,98.5,18.200000762939453,4.059999942779541,5.349999904632568,2.359380006790161,10.699999809265137,23.20000076293945,8.25,24.70000076293945,37.75,1.7920000553131104,30.5,37.75,173.0,14.899999618530273,213.0,2.3199999332427983,1.6000000238418581,4.71999979019165,7.800000190734862,1.0599999427795408,8.707480430603027,4.059999942779541,10.984399795532227,6.0,40.5,9.950739860534668,74.75,30.5,33.0,23.79999923706055,18.700000762939453,10.699999809265137,18.200000762939453,17.5,27.5,21.0,36.0,153.5,33.5,5.047619819641113,5.599999904632568,5.449999809265137,7.1500000953674325
2015-11-30,4.339280128479004,14.728699684143065,0.8000000119209291,132.0,450.0,168.0,8.399999618530272,6.9000000953674325,6.8499999046325675,9.149999618530273,4.1599998474121085,10.600000381469727,45.0,52.0,47.25,35.0,9.300000190734863,1.6299999952316284,2.380000114440918,5.349999904632568,1.5199999809265137,12.0,9.399999618530273,2.880000114440918,8.949999809265137,4.559999942779541,205.0,2.9600000381469727,83.75,60.0,10.0,34.36989974975586,31.625,37.36470031738281,68.0,19.799999237060547,24.0,13.800000190734865,4.946430206298828,27.75,1.7599999904632568,1.152959942817688,26.5,1.6200000047683716,32.0,9.550000190734863,27.5,36.0,1.309999942779541,30.70000076293945,17.0,0.7278270125389099,53.75,36.5,13.899999618530273,3.1800000667572017,98.5,20.200000762939453,4.179999828338623,5.800000190734862,2.3776700496673584,10.699999809265137,22.100000381469727,8.199999809265138,24.0,43.5,1.932800054550171,34.25,42.25,167.0,14.899999618530273,211.0,2.380000114440918,1.5800000429153442,5.0,6.6500000953674325,1.0299999713897705,8.790410041809082,4.059999942779541,10.695300102233887,5.599999904632568,38.0,8.374380111694336,66.5,31.25,33.25,23.70000076293945,19.0,10.0,17.600000381469727,18.0,27.5,20.399999618530273,34.75,154.5,37.25,4.285709857940674,4.820000171661377,5.5,6.3499999046325675
2015-12-31,3.6964299678802486,12.009599685668945,0.6899999976158142,119.5,456.0,154.0,9.050000190734863,5.6500000953674325,6.8499999046325675,9.100000381469727,4.380000114440918,9.899999618530273,45.0,47.25,39.5,36.5,7.050000190734862,1.3700000047683716,1.9600000381469729,5.199999809265137,1.5199999809265137,11.600000381469727,8.949999809265137,2.799999952316284,8.75,5.25,154.5,2.859999895095825,79.0,64.5,10.199999809265137,31.83740043640137,34.5,38.17630004882813,58.0,22.100000381469727,22.5,12.100000381469727,5.279369831085205,29.5,1.5,1.0195599794387815,23.899999618530273,1.5199999809265137,29.5,9.774999618530273,22.200000762939453,34.25,1.2000000476837158,35.20000076293945,16.799999237060547,0.5982139706611633,51.0,35.0,14.300000190734865,3.1800000667572017,94.5,20.899999618530273,4.300000190734863,5.050000190734863,2.213059902191162,10.600000381469727,21.5,8.100000381469728,25.25,44.75,1.9839999675750728,35.75,41.25,152.0,12.5,208.0,2.6600000858306885,1.6699999570846558,5.6500000953674325,6.0999999046325675,0.9900000095367432,7.753799915313722,4.0399999618530265,9.731769561767578,5.400000095367432,38.75,6.699510097503662,52.75,36.25,30.0,21.399999618530273,18.200000762939453,9.0,16.5,16.899999618530273,28.5,18.200000762939453,32.75,151.0,36.0,3.619050025939941,3.2799999713897705,4.980000019073486,5.050000190734863
2016-01-31,4.357140064239502,12.236200332641602,0.8100000023841858,126.5,426.0,151.5,8.100000381469728,4.980000019073486,6.6500000953674325,8.800000190734863,3.900000095367432,12.199999809265135,44.75,48.25,40.5,37.5,7.0999999046325675,1.3700000047683716,2.0199999809265137,5.0,1.5199999809265137,11.899999618530273,8.149999618530272,2.880000114440918,8.399999618530272,5.699999809265138,163.5,2.700000047683716,78.75,64.0,9.949999809265137,30.44969940185547,38.75,37.969200134277344,57.0,22.0,21.600000381469727,12.5,5.400000095367432,28.75,1.399999976158142,1.0386199951171875,23.60000038146973,1.5499999523162842,29.0,8.824999809265137,22.899999618530273,37.25,1.1699999570846558,37.099998474121094,17.600000381469727,0.518451988697052,52.5,30.5,14.0,3.240000009536743,93.5,20.399999618530273,4.300000190734863,5.199999809265137,2.3045101165771484,10.199999809265137,20.899999618530273,8.149999618530272,21.700000762939453,38.25,2.1247999668121342,32.5,40.5,164.5,13.899999618530273,222.0,2.400000095367432,1.5700000524520874,5.25,5.599999904632568,1.149999976158142,7.380630016326903,3.440000057220459,10.117199897766113,5.550000190734863,35.0,6.551720142364503,54.0,29.5,31.5,20.399999618530273,18.299999237060547,9.050000190734863,15.899999618530273,18.200000762939453,25.75,19.100000381469727,29.0,164.0,38.25,3.847620010375977,3.0799999237060547,4.860000133514403,5.050000190734863
2016-02-29,4.428569793701172,13.746800422668455,0.7099999785423279,140.0,452.0,165.5,9.899999618530273,4.940000057220459,6.9000000953674325,8.350000381469728,4.099999904632568,12.5,46.5,52.25,44.5,38.75,6.949999809265138,1.4299999475479126,2.1800000667572017,5.150000095367432,1.5199999809265137,12.100000381469727,8.350000381469728,2.619999885559082,11.699999809265135,5.349999904632568,173.5,2.859999895095825,82.0,64.0,9.5,33.215099334716804,40.0,36.760398864746094,66.75,21.5,21.399999618530273,13.0,5.300000190734863,29.75,1.3700000047683716,1.1148500442504885,26.29999923706055,1.6200000047683716,32.0,8.300000190734862,23.79999923706055,36.25,1.1399999856948853,40.0,18.0,0.5084819793701172,54.5,33.75,14.399999618530273,3.1600000858306885,90.5,20.5,4.360000133514403,5.300000190734863,2.359380006790161,10.300000190734863,22.0,8.399999618530272,18.5,39.25,2.214400053024292,36.0,47.25,173.0,14.0,217.0,2.619999885559082,1.8899999856948853,5.349999904632568,5.6500000953674325,0.9700000286102296,7.42209005355835,3.4600000381469727,10.406200408935547,5.800000190734862,23.899999618530273,6.945809841156006,59.0,27.0,31.5,21.100000381469727,17.799999237060547,8.899999618530273,18.399999618530273,19.399999618530273,22.899999618530273,19.299999237060547,30.75,164.0,45.0,3.638089895248413,2.7799999713897705,4.980000019073486,5.400000095367432
2016-03-31,4.642859935760498,12.46280002593994,0.7300000190734863,139.5,464.0,180.0,11.0,5.6500000953674325,8.300000190734862,9.0,4.400000095367432,12.100000381469727,51.5,51.0,45.5,37.5,6.699999809265138,1.4700000286102295,2.259999990463257,5.0,1.5199999809265137,13.0,8.899999618530273,2.5799999237060547,14.800000190734865,5.6500000953674325,182.5,3.140000104904175,88.75,69.5,8.050000190734862,33.68099975585937,39.5,34.33660125732422,69.75,23.20000076293945,22.60000038146973,12.199999809265135,5.599999904632568,32.25,1.350000023841858,1.1053199768066406,28.5,1.5399999618530271,28.25,8.625,23.20000076293945,40.5,1.2200000286102295,39.70000076293945,18.5,0.518451988697052,60.5,36.25,14.699999809265135,3.0799999237060547,95.0,19.600000381469727,5.050000190734863,5.6500000953674325,2.286220073699951,10.0,23.0,8.050000190734862,22.100000381469727,43.0,1.971199989318848,36.75,47.25,173.0,13.800000190734865,211.0,2.700000047683716,1.8899999856948853,5.349999904632568,5.800000190734862,1.0299999713897705,8.707480430603027,3.440000057220459,11.755200386047365,6.0999999046325675,25.0,7.783249855041504,64.0,29.5,34.75,20.799999237060547,18.799999237060547,8.949999809265137,17.0,21.200000762939453,25.25,24.399999618530273,29.25,176.5,43.5,4.114280223846436,3.4200000762939453,5.300000190734863,6.3499999046325675
2016-04-30,4.732140064239502,12.5,1.0499999523162842,131.5,486.0,161.0,10.399999618530273,6.800000190734862,8.050000190734862,8.399999618530272,4.300000190734863,12.600000381469727,53.0,50.75,45.75,35.5,6.5999999046325675,1.4299999475479126,2.1800000667572017,4.960000038146973,1.5199999809265137,12.5,9.100000381469727,2.5799999237060547,14.0,5.8499999046325675,154.0,3.039999961853028,74.0,64.25,8.100000381469728,34.36989974975586,38.875,34.987998962402344,75.0,24.20000076293945,21.799999237060547,11.899999618530273,6.0,35.0,1.350000023841858,1.1339099407196045,30.399999618530273,1.5299999713897705,26.5,9.050000190734863,25.5,40.75,2.059999942779541,39.20000076293945,17.299999237060547,0.5583329796791077,61.0,33.0,14.5,3.119999885559082,95.25,20.0,5.050000190734863,5.949999809265138,2.0667400360107417,10.300000190734863,29.0,8.25,23.10000038146973,38.5,2.13759994506836,36.75,43.5,162.5,14.899999618530273,200.0,2.8199999332427983,1.7200000286102295,5.5,5.5,1.0099999904632568,9.578229904174805,3.6800000667572017,12.237000465393065,6.050000190734862,24.70000076293945,7.300000190734862,52.25,31.75,34.75,20.700000762939453,19.799999237060547,8.899999618530273,17.100000381469727,21.100000381469727,25.25,24.10000038146973,30.75,178.5,41.0,4.057139873504639,4.2199997901916495,5.199999809265137,6.9000000953674325
2016-05-31,3.892859935760498,12.399999618530273,1.0199999809265137,133.0,482.0,164.0,11.0,6.199999809265138,8.899999618530273,8.550000190734862,4.639999866485597,12.0,57.0,51.5,49.0,33.75,6.3499999046325675,1.3700000047683716,2.4600000381469727,4.920000076293945,1.5199999809265137,12.5,9.149999618530273,2.740000009536743,18.100000381469727,6.050000190734862,164.5,3.119999885559082,71.0,63.5,4.119999885559082,33.68099975585937,40.5,34.57400131225586,80.75,24.0,21.899999618530273,12.800000190734865,6.3499999046325675,35.5,1.1200000047683716,1.1339099407196045,31.10000038146973,1.5900000333786009,23.60000038146973,8.875,30.75,41.75,1.7100000381469729,39.29999923706055,17.299999237060547,0.518451988697052,61.0,30.0,14.300000190734865,3.0999999046325684,91.25,20.100000381469727,5.099999904632568,7.3499999046325675,2.121609926223755,10.699999809265137,33.75,8.350000381469728,23.0,40.0,2.559999942779541,40.0,43.5,173.5,18.200000762939453,193.5,2.880000114440918,1.7699999809265137,6.5,4.900000095367432,0.9300000071525574,10.449000358581543,3.5999999046325684,11.94789981842041,6.0,24.5,7.25,55.25,31.0,37.5,20.600000381469727,20.299999237060547,9.100000381469727,16.600000381469727,22.100000381469727,25.0,29.5,30.5,188.0,41.75,3.8666698932647705,4.699999809265137,6.199999809265138,6.050000190734862
2016-06-30,3.785710096359253,14.800000190734865,1.0499999523162842,141.0,476.0,161.0,12.399999618530273,6.449999809265138,9.899999618530273,9.100000381469727,4.440000057220459,10.899999618530273,59.25,51.25,50.0,35.75,5.800000190734862,1.3600000143051147,2.9200000762939453,4.940000057220459,1.5199999809265137,13.0,9.550000190734863,3.140000104904175,25.0,6.050000190734862,158.5,3.140000104904175,67.25,60.0,4.199999809265137,40.81010055541992,41.75,32.089599609375,84.0,23.70000076293945,21.299999237060547,12.800000190734865,7.0,35.5,1.0700000524520874,1.1339099407196045,31.399999618530273,1.8899999856948853,22.70000076293945,9.75,31.0,53.5,1.7400000095367432,38.79999923706055,16.799999237060547,0.6879460215568542,59.5,29.5,14.300000190734865,3.0799999237060547,96.25,19.899999618530273,4.820000171661377,7.5999999046325675,2.030159950256348,10.899999618530273,29.25,8.449999809265138,24.10000038146973,37.25,3.0464000701904297,39.25,48.5,175.5,24.0,184.0,3.0799999237060547,1.7699999809265137,8.25,5.949999809265138,1.0099999904632568,12.016300201416016,4.0,11.658900260925293,7.199999809265138,27.25,7.3499999046325675,54.5,32.75,38.0,20.299999237060547,23.60000038146973,9.399999618530273,16.700000762939453,22.0,29.5,29.0,32.5,189.5,44.5,3.7333300113677983,5.699999809265138,6.0,6.1500000953674325
2016-07-31,3.964279890060425,15.600000381469727,1.0299999713897705,159.5,514.0,171.0,13.399999618530273,6.3499999046325675,9.949999809265137,10.199999809265137,4.71999979019165,12.199999809265135,58.0,52.0,52.25,40.0,5.8499999046325675,1.440000057220459,3.039999961853028,5.0,1.5199999809265137,13.0,9.399999618530273,3.0199999809265137,24.60000038146973,6.550000190734862,177.0,3.2000000476837163,71.0,60.75,4.960000038146973,44.5,49.125,32.296600341796875,82.25,22.899999618530273,26.25,13.300000190734865,8.0,38.75,1.100000023841858,1.1148500442504885,33.400001525878906,1.7799999713897705,25.0,12.149999618530273,30.5,64.75,1.8799999952316284,39.70000076293945,17.600000381469727,0.7278270125389099,61.0,29.0,15.0,3.1600000858306885,100.0,19.0,5.0,8.050000190734862,2.1033198833465576,11.600000381469727,33.5,8.649999618530272,25.75,42.0,3.711999893188477,41.0,55.25,195.0,28.25,186.5,3.2000000476837163,1.8500000238418581,9.850000381469727,7.050000190734862,0.959999978542328,13.322400093078613,5.099999904632568,12.044300079345705,7.199999809265138,26.0,9.050000190734863,59.75,33.75,40.75,22.70000076293945,24.79999923706055,12.5,16.100000381469727,21.700000762939453,32.75,28.25,34.5,199.0,52.0,4.228569984436035,5.6500000953674325,5.949999809265138,6.5
2016-08-31,3.8214299678802486,16.0,1.0399999618530271,160.0,520.0,170.5,11.600000381469727,6.25,10.800000190734863,9.5,5.0,15.800000190734865,59.5,54.75,61.5,39.75,6.25,1.3600000143051147,3.2000000476837163,4.960000038146973,1.5199999809265137,12.600000381469727,9.149999618530273,3.039999961853028,30.25,7.550000190734862,166.5,3.4800000190734863,73.25,71.5,4.960000038146973,45.25,48.75,33.124801635742195,81.75,23.399999618530273,25.25,12.600000381469727,7.6500000953674325,36.25,1.0800000429153442,1.0862599611282349,34.799999237060554,1.8600000143051147,22.70000076293945,13.699999809265135,33.0,69.25,1.7899999618530271,40.20000076293945,19.0,0.5982139706611633,61.5,30.25,15.199999809265135,3.259999990463257,99.0,18.5,4.900000095367432,5.800000190734862,2.0850300788879395,11.0,32.0,9.0,24.70000076293945,41.5,3.3280000686645512,41.0,53.75,197.5,28.25,172.5,2.5999999046325684,1.7899999618530271,9.350000381469727,7.550000190734862,0.9100000262260436,12.800000190734865,4.8400001525878915,11.5625,7.550000190734862,24.29999923706055,8.149999618530272,56.0,32.0,38.75,20.899999618530273,23.79999923706055,12.399999618530273,20.200000762939453,21.100000381469727,31.25,32.0,33.5,197.5,51.0,5.095240116119385,5.6500000953674325,6.0,6.199999809265138
2016-09-30,3.4285700321197514,15.5,0.9200000166893004,148.5,518.0,162.5,12.199999809265135,6.1500000953674325,10.199999809265137,9.100000381469727,4.519999980926514,14.800000190734865,57.5,50.75,61.0,41.5,6.050000190734862,1.2300000190734863,3.3399999141693115,4.940000057220459,1.5199999809265137,11.699999809265135,8.649999618530272,2.700000047683716,24.20000076293945,7.0999999046325675,161.5,3.140000104904175,79.0,70.25,4.079999923706056,43.0,51.75,29.812299728393555,82.0,21.600000381469727,25.5,11.300000190734865,7.0,36.5,1.0499999523162842,1.000499963760376,34.200000762939446,1.75,22.100000381469727,14.600000381469727,30.5,64.0,1.4600000381469729,39.599998474121094,17.700000762939453,0.5284219980239868,59.25,32.0,15.100000381469727,3.0799999237060547,99.75,18.100000381469727,4.980000019073486,5.400000095367432,1.9387099742889404,10.600000381469727,28.25,8.5,23.5,39.5,3.263999938964844,38.25,53.5,187.0,26.5,176.0,2.640000104904175,1.7000000476837158,9.350000381469727,7.25,0.6899999976158142,12.36460018157959,4.880000114440918,11.466099739074707,7.1500000953674325,19.5,7.0,54.0,30.75,36.5,20.5,23.399999618530273,12.600000381469727,19.100000381469727,21.5,28.75,31.25,31.0,195.0,54.5,4.6857099533081055,7.25,6.0,5.6500000953674325
2016-10-31,3.514280080795288,18.5,0.9800000190734864,143.0,496.0,160.5,13.100000381469727,5.8499999046325675,10.199999809265137,9.149999618530273,4.599999904632568,15.5,56.0,50.25,61.25,39.25,6.199999809265138,1.1699999570846558,3.5,5.050000190734863,1.5199999809265137,11.800000190734865,8.550000190734862,3.5999999046325684,26.5,6.949999809265138,154.5,3.2999999523162837,77.0,69.5,3.7999999523162837,51.75,54.5,33.124801635742195,82.75,22.70000076293945,28.75,11.699999809265135,7.5,37.25,0.9900000095367432,0.9719190001487732,34.59999847412109,1.690000057220459,20.899999618530273,14.800000190734865,33.25,70.5,1.6200000047683716,38.29999923706055,17.399999618530273,0.518451988697052,59.5,32.25,14.800000190734865,3.0199999809265137,97.0,19.0,4.78000020980835,5.75,1.8655500411987305,10.5,28.75,8.699999809265138,24.79999923706055,38.25,3.424000024795532,38.25,52.0,172.0,29.75,183.5,2.7799999713897705,1.7100000381469729,11.5,7.5,0.7400000095367432,13.757800102233887,4.980000019073486,13.200499534606935,7.050000190734862,18.100000381469727,6.800000190734862,53.0,29.0,37.0,20.600000381469727,24.10000038146973,12.899999618530273,23.10000038146973,21.399999618530273,29.25,31.5,30.75,195.5,57.75,4.609519958496094,8.149999618530272,8.949999809265137,5.949999809265138
2016-11-30,3.5714299678802486,18.600000381469727,0.8999999761581421,145.0,472.0,154.0,13.699999809265135,8.350000381469728,10.300000190734863,9.199999809265137,4.599999904632568,14.300000190734865,55.0,50.25,60.25,42.75,7.5,1.1799999475479126,3.539999961853028,4.820000171661377,1.5199999809265137,11.399999618530273,8.550000190734862,3.4200000762939453,24.399999618530273,6.5999999046325675,145.0,2.9600000381469727,76.75,71.75,3.619999885559082,54.25,61.5,34.159900665283196,81.0,22.899999618530273,29.0,11.0,7.6500000953674325,36.5,0.9900000095367432,0.9814469814300536,34.200000762939446,1.6399999856948853,18.5,14.399999618530273,40.0,75.75,1.5800000429153442,39.900001525878906,17.100000381469727,0.4985109865665436,62.5,31.5,14.600000381469727,3.0,104.5,25.75,4.800000190734863,5.6500000953674325,1.828969955444336,10.5,32.5,8.5,27.25,39.0,3.1487998962402344,35.75,54.0,168.5,32.25,188.0,2.8199999332427983,1.7300000190734863,10.899999618530273,9.100000381469727,0.8199999928474426,14.889800071716307,4.880000114440918,16.1875,6.800000190734862,18.100000381469727,7.25,49.75,31.0,39.0,21.200000762939453,22.899999618530273,13.899999618530273,25.5,20.5,31.0,29.0,32.5,193.5,55.75,4.952380180358887,7.449999809265138,12.399999618530273,5.949999809265138
2016-12-31,4.035709857940674,19.200000762939453,0.8999999761581421,151.5,490.0,158.5,14.5,8.25,10.199999809265137,9.899999618530273,4.5,14.800000190734865,56.75,50.0,62.0,44.25,8.5,1.2000000476837158,3.539999961853028,4.980000019073486,1.5199999809265137,11.800000190734865,8.649999618530272,3.3399999141693115,22.79999923706055,6.0999999046325675,147.0,2.9800000190734863,82.25,72.5,4.400000095367432,50.5,61.5,33.95289993286133,95.25,23.20000076293945,29.25,11.300000190734865,7.449999809265138,36.5,1.0,1.2482500076293943,37.400001525878906,1.6699999570846558,17.0,13.75,39.5,76.0,1.5299999713897705,39.70000076293945,17.600000381469727,0.5084819793701172,63.5,39.0,14.5,3.2999999523162837,102.5,25.25,4.8400001525878915,6.0999999046325675,1.9387099742889404,10.600000381469727,33.0,8.350000381469728,27.5,39.75,3.3919999599456787,35.5,61.5,177.0,32.25,181.0,2.859999895095825,1.7200000286102295,11.899999618530273,10.100000381469727,0.8799999952316284,15.499300003051758,4.980000019073486,22.065099716186523,7.300000190734862,19.299999237060547,7.0999999046325675,50.0,33.0,39.0,21.399999618530273,24.899999618530273,13.600000381469727,26.5,20.899999618530273,30.75,29.0,33.0,199.5,58.75,5.809519767761231,8.050000190734862,13.0,5.800000190734862
2017-01-31,4.0,19.200000762939453,0.9499999880790709,152.0,508.0,174.0,14.600000381469727,9.850000381469727,10.100000381469727,9.800000190734863,4.400000095367432,14.899999618530273,56.75,51.5,60.5,47.75,8.300000190734862,1.2200000286102295,3.380000114440918,4.900000095367432,1.5199999809265137,11.699999809265135,8.449999809265138,4.3400001525878915,21.899999618530273,6.0999999046325675,161.0,3.140000104904175,85.0,72.25,4.579999923706055,50.75,54.0,34.159900665283196,101.0,22.100000381469727,28.25,15.399999618530273,7.0999999046325675,36.5,1.0399999618530271,1.2291899919509888,41.599998474121094,1.870000004768372,18.200000762939453,14.149999618530273,41.75,74.5,1.4700000286102295,40.79999923706055,19.100000381469727,0.6380950212478638,68.25,42.25,14.899999618530273,3.5,100.0,29.0,5.25,6.5,2.1033198833465576,10.699999809265137,35.25,8.300000190734862,24.70000076293945,37.0,3.4560000896453857,35.0,61.5,188.5,28.25,179.5,2.9200000762939453,1.7799999713897705,11.399999618530273,9.449999809265137,0.8500000238418579,15.934700012207033,5.099999904632568,25.052099227905273,7.4000000953674325,23.20000076293945,6.6500000953674325,54.0,32.25,39.5,21.200000762939453,24.10000038146973,13.800000190734865,28.0,20.899999618530273,29.0,28.75,35.25,203.0,57.0,5.523809909820557,8.75,11.899999618530273,6.5999999046325675
2017-02-28,3.607140064239502,19.700000762939453,0.8799999952316284,153.0,516.0,176.0,13.600000381469727,10.5,9.75,9.600000381469727,4.6599998474121085,15.800000190734865,54.75,52.0,60.0,47.75,6.5,1.1399999856948853,3.2000000476837163,4.860000133514403,1.5199999809265137,11.600000381469727,8.25,4.179999828338623,19.299999237060547,6.050000190734862,169.0,3.119999885559082,84.75,75.0,4.0,47.5,50.5,36.02320098876953,92.75,20.399999618530273,24.899999618530273,16.100000381469727,7.050000190734862,37.5,1.0,1.2958899736404421,40.0,1.9600000381469729,16.200000762939453,12.949999809265135,39.5,65.0,1.3600000143051147,39.0,19.5,0.5882440209388733,71.75,41.75,15.100000381469727,2.9600000381469727,101.0,29.75,5.0,6.5,2.23134994506836,10.899999618530273,35.75,8.350000381469728,25.25,35.75,3.4560000896453857,34.5,69.0,189.0,26.75,177.0,2.640000104904175,1.7400000095367432,10.399999618530273,12.75,0.6499999761581421,15.760499954223633,5.050000190734863,19.752599716186523,7.199999809265138,25.75,6.1500000953674325,54.0,34.25,39.0,22.60000038146973,25.0,13.399999618530273,25.0,19.899999618530273,26.75,27.75,34.5,205.0,66.5,5.1904802322387695,8.800000190734863,11.399999618530273,5.9000000953674325
2017-03-31,3.857140064239502,19.799999237060547,0.8500000238418579,163.0,542.0,181.5,13.100000381469727,10.5,9.600000381469727,9.649999618530273,4.639999866485597,18.600000381469727,57.0,50.5,59.0,48.5,7.3499999046325675,1.1299999952316284,3.240000009536743,4.8400001525878915,1.5199999809265137,11.600000381469727,8.399999618530272,4.199999809265137,18.399999618530273,6.449999809265138,179.5,3.1600000858306885,87.0,76.5,3.5,47.25,53.0,36.02320098876953,93.75,21.299999237060547,27.5,17.799999237060547,7.6500000953674325,39.0,0.9900000095367432,1.362589955329895,39.70000076293945,2.0199999809265137,16.799999237060547,13.850000381469727,33.75,62.75,1.350000023841858,40.0,20.399999618530273,0.550000011920929,73.75,47.0,15.199999809265135,2.940000057220459,102.5,31.5,5.099999904632568,6.550000190734862,2.213059902191162,10.5,35.5,8.300000190734862,23.899999618530273,35.75,3.2000000476837163,36.75,72.5,192.0,24.10000038146973,181.0,2.5199999809265137,1.7799999713897705,10.699999809265137,11.949999809265135,0.6499999761581421,15.17710018157959,5.0,18.596399307250977,7.25,26.5,6.800000190734862,56.0,34.0,38.5,21.299999237060547,25.5,12.800000190734865,27.0,21.200000762939453,27.25,28.25,33.5,209.0,70.0,5.333330154418945,8.5,11.100000381469727,5.449999809265137
2017-04-30,3.9333300590515137,19.600000381469727,0.8299999833106995,156.0,548.0,180.0,13.199999809265135,9.550000190734863,9.649999618530273,10.100000381469727,4.880000114440918,18.5,60.0,50.0,61.25,46.5,6.75,1.100000023841858,3.119999885559082,4.800000190734863,1.5199999809265137,11.800000190734865,8.5,4.119999885559082,17.200000762939453,6.199999809265138,175.0,3.140000104904175,91.25,77.0,3.400000095367432,43.5,53.0,38.54069900512695,98.0,20.399999618530273,26.75,17.0,7.199999809265138,39.75,0.8600000143051147,1.2291899919509888,39.099998474121094,2.0999999046325684,19.600000381469727,13.600000381469727,35.5,65.25,1.5399999618530271,40.75,19.5,0.550000011920929,76.0,42.25,15.0,2.880000114440918,103.0,29.75,5.699999809265138,6.3499999046325675,2.0667400360107417,10.5,37.25,8.350000381469728,24.29999923706055,34.75,3.424000024795532,37.5,73.75,184.5,22.60000038146973,178.5,2.380000114440918,1.7599999904632568,10.0,12.199999809265135,0.6200000047683716,14.811400413513185,4.900000095367432,17.440099716186527,7.8499999046325675,25.25,6.449999809265138,53.25,35.0,37.25,21.200000762939453,24.70000076293945,12.699999809265135,25.25,21.100000381469727,27.25,26.25,32.5,221.0,67.0,5.2380900382995605,8.649999618530272,11.699999809265135,5.449999809265137
2017-05-31,3.7333300113677983,18.100000381469727,0.7599999904632568,155.0,526.0,180.0,12.399999618530273,9.100000381469727,9.800000190734863,9.75,4.800000190734863,19.299999237060547,66.75,51.25,62.75,47.25,7.1500000953674325,1.0399999618530271,3.0799999237060547,4.800000190734863,1.5199999809265137,12.100000381469727,8.449999809265138,3.880000114440918,18.899999618530273,6.300000190734862,177.5,3.140000104904175,91.75,76.75,2.9800000190734863,45.5,54.75,42.846900939941406,91.25,18.600000381469727,30.0,17.5,7.300000190734862,38.75,0.7200000286102295,1.1399999856948853,39.29999923706055,2.039999961853028,22.60000038146973,13.100000381469727,30.5,68.5,1.6599999666213991,43.25,19.100000381469727,0.479999989271164,71.75,49.5,14.899999618530273,2.900000095367432,115.0,32.25,5.150000095367432,7.5999999046325675,2.0118699073791504,10.5,37.5,8.550000190734862,26.5,36.5,3.6800000667572017,37.75,76.75,190.5,21.600000381469727,176.5,2.3399999141693115,1.830000042915344,10.699999809265137,11.550000190734865,0.5,13.348600387573242,5.050000190734863,15.223999977111815,7.5999999046325675,23.399999618530273,6.3499999046325675,54.75,33.75,37.0,21.299999237060547,25.75,12.300000190734865,26.5,21.299999237060547,27.75,24.79999923706055,33.5,212.0,68.0,4.857140064239502,8.25,10.600000381469727,5.550000190734863
2017-06-30,3.4333300590515137,16.600000381469727,0.7200000286102295,155.5,502.0,184.0,13.600000381469727,10.399999618530273,9.600000381469727,10.199999809265137,5.150000095367432,19.200000762939453,69.0,51.75,62.75,46.0,6.6500000953674325,1.0299999713897705,3.3199999332427983,4.800000190734863,1.5199999809265137,12.699999809265135,8.399999618530272,3.5999999046325684,19.799999237060547,6.1500000953674325,176.5,3.1800000667572017,87.5,79.0,2.9600000381469727,47.0,54.5,43.92340087890625,86.75,19.299999237060547,35.75,17.299999237060547,7.449999809265138,44.5,0.6899999976158142,1.0900000333786009,37.5,2.259999990463257,22.70000076293945,12.0,30.5,68.5,1.399999976158142,47.25,18.600000381469727,0.4600000083446503,68.75,50.25,15.0,2.8399999141693115,107.5,34.5,5.300000190734863,7.199999809265138,2.1033198833465576,10.600000381469727,38.25,8.949999809265137,27.75,38.5,3.615999937057495,40.25,77.5,199.0,19.5,172.0,2.440000057220459,1.7999999523162842,10.899999618530273,13.25,0.4000000059604645,13.348600387573242,5.150000095367432,14.549500465393065,8.050000190734862,22.5,6.1500000953674325,56.25,34.0,36.75,20.899999618530273,26.5,12.100000381469727,28.0,21.100000381469727,28.75,25.0,33.5,214.0,71.5,4.904759883880615,8.149999618530272,10.300000190734863,5.300000190734863
2017-07-31,3.2000000476837163,16.299999237060547,0.6899999976158142,150.0,500.0,181.5,14.399999618530273,9.649999618530273,9.949999809265137,9.949999809265137,5.449999809265137,19.299999237060547,68.25,53.75,61.0,47.5,6.0,1.0,3.2999999523162837,4.78000020980835,1.5199999809265137,12.800000190734865,8.649999618530272,3.539999961853028,18.799999237060547,6.25,187.0,3.039999961853028,87.5,86.5,2.8399999141693115,45.75,44.875,45.21530151367188,88.25,19.100000381469727,35.75,15.899999618530273,7.449999809265138,48.5,0.6200000047683716,1.0800000429153442,39.0,2.1600000858306885,18.600000381469727,10.100000381469727,30.75,71.75,1.2799999713897705,51.75,18.0,0.4000000059604645,72.0,42.75,15.100000381469727,2.9200000762939453,102.5,36.0,5.5,7.550000190734862,2.194770097732544,10.800000190734863,37.0,8.949999809265137,26.75,40.75,3.5520000457763667,41.5,73.0,197.5,18.799999237060547,174.5,2.640000104904175,1.7799999713897705,11.899999618530273,14.625,0.4000000059604645,12.251399993896484,4.880000114440918,12.237000465393065,7.800000190734862,22.299999237060547,5.6500000953674325,59.75,30.5,36.25,20.299999237060547,23.70000076293945,12.0,28.25,20.200000762939453,29.25,24.79999923706055,35.25,221.0,67.0,4.742859840393066,7.5999999046325675,9.800000190734863,5.099999904632568
2017-08-31,3.4500000476837163,17.399999618530273,0.699999988079071,150.5,502.0,186.0,14.800000190734865,10.5,10.0,9.699999809265137,6.0,19.200000762939453,71.25,55.0,61.75,46.75,5.800000190734862,0.9700000286102296,3.4600000381469727,4.880000114440918,1.5199999809265137,12.600000381469727,8.75,3.400000095367432,17.299999237060547,6.199999809265138,188.0,3.140000104904175,88.0,92.5,2.619999885559082,48.0,43.75,43.92340087890625,87.75,21.0,37.75,18.200000762939453,7.8499999046325675,45.25,0.6899999976158142,1.0800000429153442,39.5,2.0999999046325684,16.299999237060547,11.949999809265135,28.25,69.25,1.2799999713897705,54.75,18.700000762939453,0.4099999964237213,75.25,43.0,15.100000381469727,2.880000114440918,103.0,33.75,5.949999809265138,7.8499999046325675,2.194770097732544,10.800000190734863,38.75,8.850000381469727,25.5,40.5,3.871999979019165,40.0,74.75,204.0,21.0,218.0,2.4600000381469727,1.7999999523162842,13.699999809265135,14.875,0.479999989271164,13.348600387573242,5.099999904632568,11.466099739074707,7.6500000953674325,23.0,5.599999904632568,57.25,30.5,37.5,20.5,24.5,13.0,30.75,19.799999237060547,28.25,26.25,38.0,233.0,70.25,4.761899948120117,7.75,11.899999618530273,5.449999809265137
2017-09-30,3.3499999046325684,17.399999618530273,0.7200000286102295,153.5,496.0,184.5,15.100000381469727,11.699999809265135,11.399999618530273,9.850000381469727,6.3499999046325675,19.799999237060547,77.0,53.5,65.75,48.75,6.449999809265138,1.0,3.5799999237060547,4.820000171661377,1.5199999809265137,12.300000190734865,8.550000190734862,3.4200000762939453,18.100000381469727,6.449999809265138,193.0,3.559999942779541,87.0,93.5,2.619999885559082,52.25,51.0,50.59809875488281,89.75,20.299999237060547,38.25,21.899999618530273,8.149999618530272,47.25,0.699999988079071,1.1299999952316284,41.20000076293945,2.240000009536743,16.399999618530273,10.949999809265137,28.5,88.0,1.2899999618530271,59.0,18.700000762939453,0.44999998807907104,77.25,48.5,17.799999237060547,2.9200000762939453,100.5,35.0,6.25,10.199999809265137,2.267930030822754,10.699999809265137,42.0,8.449999809265138,25.25,43.75,3.936000108718872,40.5,76.75,206.0,22.399999618530273,214.0,2.4800000190734863,1.7999999523162842,16.0,15.625,0.4600000083446503,14.537099838256836,5.6500000953674325,12.5,7.75,24.0,6.0999999046325675,58.0,30.25,37.5,20.5,23.10000038146973,13.199999809265135,36.5,19.700000762939453,27.5,26.25,39.75,235.0,69.5,4.809519767761231,8.199999809265138,12.399999618530273,6.0999999046325675
2017-10-31,3.3166699409484863,17.600000381469727,0.7099999785423279,146.5,488.0,189.5,16.700000762939453,11.399999618530273,13.100000381469727,10.800000190734863,7.199999809265138,17.700000762939453,80.0,56.0,70.5,54.25,6.25,0.9800000190734864,4.320000171661377,4.800000190734863,1.5199999809265137,12.399999618530273,8.449999809265138,4.079999923706056,18.299999237060547,6.3499999046325675,194.5,3.839999914169312,86.0,103.5,2.359999895095825,54.0,50.5,60.93299865722656,86.75,21.5,40.5,21.600000381469727,7.8499999046325675,48.25,0.6899999976158142,1.1100000143051147,42.0,2.400000095367432,17.299999237060547,13.699999809265135,27.5,104.5,1.2599999904632568,58.75,18.200000762939453,0.4300000071525574,80.5,48.0,22.70000076293945,2.799999952316284,108.5,39.5,6.4000000953674325,11.25,2.395960092544556,10.699999809265137,45.75,8.600000381469728,24.899999618530273,46.0,5.920000076293945,43.5,87.0,222.0,24.0,222.0,2.5999999046325684,1.7599999904632568,18.0,16.0,0.7300000190734863,16.548599243164062,5.949999809265138,12.899999618530273,8.899999618530273,22.200000762939453,6.1500000953674325,57.75,33.0,39.0,25.25,23.79999923706055,14.0,42.75,18.399999618530273,27.0,26.0,42.0,230.0,76.25,5.095240116119385,7.449999809265138,15.300000190734865,5.349999904632568
2017-11-30,3.5499999523162837,17.0,0.7300000190734863,150.0,478.0,202.0,16.0,11.100000381469727,12.800000190734865,10.399999618530273,8.149999618530272,14.100000381469727,81.25,56.25,74.0,55.5,6.300000190734862,1.0700000524520874,3.9600000381469727,4.800000190734863,1.5199999809265137,12.199999809265135,8.199999809265138,3.839999914169312,17.5,6.300000190734862,175.5,3.920000076293945,84.75,95.5,1.919999957084656,58.5,41.625,54.47370147705078,91.25,21.299999237060547,46.75,25.25,8.0,46.5,0.5799999833106995,1.1100000143051147,41.20000076293945,2.299999952316284,15.300000190734865,16.75,31.25,82.5,1.2100000381469729,61.5,19.399999618530273,0.5299999713897705,79.25,48.5,19.399999618530273,2.720000028610229,104.5,38.5,6.25,10.699999809265137,2.6154301166534424,12.300000190734865,49.25,8.550000190734862,24.70000076293945,54.0,5.728000164031982,43.5,87.25,228.0,21.299999237060547,205.0,2.3399999141693115,1.7300000190734863,20.700000762939453,16.5,0.6499999761581421,15.17710018157959,6.25,12.699999809265135,8.800000190734863,21.100000381469727,5.6500000953674325,54.25,30.75,39.25,22.5,23.70000076293945,18.600000381469727,41.25,18.399999618530273,25.75,24.20000076293945,38.0,218.0,75.0,4.809519767761231,6.9000000953674325,16.399999618530273,5.550000190734863
2017-12-31,3.2666699886322017,19.700000762939453,0.699999988079071,148.0,482.0,201.0,16.100000381469727,10.5,13.100000381469727,10.5,8.800000190734863,13.899999618530273,84.5,54.25,77.5,56.5,6.0,1.0599999427795408,4.059999942779541,4.820000171661377,1.5199999809265137,12.199999809265135,8.300000190734862,3.7000000476837163,17.100000381469727,6.0999999046325675,189.5,3.9600000381469727,73.0,103.0,2.0,64.75,41.0,56.19609832763672,99.75,21.100000381469727,51.25,25.5,7.699999809265138,46.75,0.5600000023841858,1.0800000429153442,44.20000076293945,2.1800000667572017,12.899999618530273,18.549999237060547,29.5,80.5,1.1699999570846558,67.25,19.200000762939453,0.5,85.0,44.0,19.399999618530273,2.700000047683716,104.5,38.5,6.949999809265138,12.100000381469727,2.7617499828338623,12.5,52.25,8.5,23.20000076293945,57.75,6.783999919891357,44.0,88.75,235.0,21.600000381469727,190.0,2.0799999237060547,1.690000057220459,20.700000762939453,15.375,0.5799999833106995,15.359999656677244,5.949999809265138,14.100000381469727,9.199999809265137,22.200000762939453,6.199999809265138,56.25,29.0,39.25,22.100000381469727,23.79999923706055,17.600000381469727,42.0,19.600000381469727,26.0,24.10000038146973,40.0,216.0,79.5,4.666669845581055,7.050000190734862,17.5,5.25
2018-01-31,3.383330106735229,22.299999237060547,0.7099999785423279,155.0,492.0,207.0,15.899999618530273,11.399999618530273,14.100000381469727,11.399999618530273,8.350000381469728,13.5,82.0,55.0,79.75,59.0,5.949999809265138,1.0900000333786009,4.199999809265137,4.880000114440918,1.5199999809265137,12.100000381469727,8.050000190734862,3.900000095367432,16.700000762939453,5.699999809265138,193.0,4.179999828338623,77.25,102.0,1.8400000333786009,56.75,38.375,54.04299926757813,116.0,21.5,67.25,25.25,7.6500000953674325,44.25,0.5400000214576721,1.149999976158142,48.599998474121094,2.200000047683716,11.699999809265135,24.20000076293945,34.0,82.0,1.1699999570846558,69.75,19.899999618530273,0.5199999809265137,96.25,43.0,20.299999237060547,2.6800000667572017,141.5,42.5,7.300000190734862,14.75,2.7068800926208496,13.100000381469727,55.5,8.850000381469727,25.0,51.25,6.5920000076293945,43.5,89.5,233.0,21.399999618530273,195.5,2.0199999809265137,1.7400000095367432,22.200000762939453,17.375,0.6399999856948853,15.634300231933596,5.6500000953674325,12.199999809265135,9.050000190734863,22.70000076293945,6.699999809265138,57.75,29.5,47.5,24.399999618530273,23.79999923706055,19.0,44.0,20.600000381469727,27.0,23.70000076293945,41.75,219.0,82.0,4.1904802322387695,7.800000190734862,19.0,5.300000190734863
2018-02-28,3.25,23.20000076293945,0.6899999976158142,149.5,494.0,210.0,16.399999618530273,14.0,14.5,11.0,8.399999618530272,12.600000381469727,84.25,53.0,82.75,55.5,5.400000095367432,1.0700000524520874,4.059999942779541,4.800000190734863,1.5199999809265137,12.300000190734865,8.149999618530272,3.740000009536743,15.199999809265135,5.599999904632568,196.0,4.119999885559082,67.5,101.5,2.740000009536743,57.5,35.625,51.88990020751953,116.0,22.100000381469727,67.75,25.25,7.449999809265138,39.0,0.4000000059604645,1.1100000143051147,57.0,1.9600000381469729,10.199999809265137,26.5,31.25,62.0,1.0700000524520874,70.5,20.299999237060547,0.44999998807907104,98.5,41.25,20.100000381469727,2.5999999046325684,170.5,42.75,8.050000190734862,15.0,2.743459939956665,13.300000190734865,54.25,8.850000381469727,20.0,50.25,6.368000030517577,40.5,88.75,232.0,18.0,205.0,2.039999961853028,1.6699999570846558,20.899999618530273,17.0,0.6299999952316284,15.268600463867188,5.050000190734863,11.5,8.550000190734862,21.0,6.3499999046325675,57.5,26.5,43.5,24.70000076293945,23.20000076293945,17.5,44.25,20.399999618530273,25.0,22.899999618530273,40.5,239.0,79.0,3.752379894256592,6.9000000953674325,18.299999237060547,5.150000095367432
2018-03-31,2.9333300590515137,20.0,0.6399999856948853,144.0,496.0,198.5,16.799999237060547,11.699999809265135,14.0,10.699999809265137,7.8499999046325675,13.600000381469727,79.25,51.75,87.25,52.0,5.5,1.0099999904632568,3.940000057220459,4.800000190734863,1.5199999809265137,11.800000190734865,8.350000381469728,3.619999885559082,15.5,5.150000095367432,208.0,3.8199999332427983,67.0,91.75,3.0799999237060547,57.0,33.75,52.5359001159668,115.5,23.5,44.25,20.399999618530273,7.25,36.0,0.3899999856948853,1.0700000524520874,55.0,1.6699999570846558,12.699999809265135,32.200000762939446,34.75,62.5,0.9900000095367432,66.5,19.100000381469727,0.4600000083446503,95.5,32.5,22.399999618530273,2.400000095367432,185.0,38.25,7.300000190734862,14.75,2.3227999210357666,12.0,57.0,8.449999809265138,18.600000381469727,48.5,6.0,38.25,88.5,212.0,16.200000762939453,209.0,1.8799999952316284,1.6299999952316284,21.399999618530273,16.5,0.5400000214576721,15.142900466918945,3.900000095367432,11.100000381469727,7.949999809265138,17.0,6.949999809265138,58.25,28.25,40.75,22.0,22.0,15.199999809265135,43.5,18.700000762939453,23.70000076293945,25.25,36.75,228.0,72.25,3.740000009536743,6.199999809265138,17.799999237060547,4.739999771118164
2018-04-30,2.450000047683716,19.399999618530273,0.6299999952316284,133.0,472.0,195.0,17.200000762939453,12.800000190734865,14.800000190734865,10.899999618530273,8.25,12.399999618530273,81.5,52.0,87.0,53.5,5.0,1.0800000429153442,3.7999999523162837,5.25,1.5199999809265137,11.5,8.800000190734863,3.539999961853028,16.299999237060547,5.599999904632568,209.0,3.900000095367432,68.5,93.25,3.259999990463257,58.5,33.75,45.0,134.0,23.0,37.0,20.399999618530273,7.8499999046325675,38.75,0.4099999964237213,1.0499999523162842,56.5,1.6799999475479126,10.399999618530273,35.5,34.5,53.75,1.0800000429153442,71.75,18.200000762939453,0.5,98.5,34.5,22.899999618530273,2.1800000667572017,173.5,37.5,6.949999809265138,15.125,2.1764800548553467,12.399999618530273,59.75,8.600000381469728,17.200000762939453,51.5,6.71999979019165,40.0,88.25,195.0,18.5,195.0,1.950000047683716,1.6000000238418581,23.399999618530273,15.625,0.5,15.238100051879885,3.839999914169312,11.899999618530273,8.399999618530272,18.200000762939453,7.6500000953674325,57.25,28.75,39.0,21.399999618530273,22.5,14.300000190734865,41.25,18.200000762939453,24.0,24.60000038146973,36.5,223.0,73.75,3.6800000667572017,5.8499999046325675,17.899999618530273,4.519999980926514
2018-05-31,2.75,21.0,0.6200000047683716,137.0,452.0,191.5,16.399999618530273,12.100000381469727,14.800000190734865,11.399999618530273,8.100000381469728,12.100000381469727,77.75,52.0,81.0,50.75,4.639999866485597,1.309999942779541,3.9600000381469727,4.78000020980835,1.5199999809265137,11.399999618530273,9.449999809265137,3.4800000190734863,15.800000190734865,5.550000190734863,191.0,4.2800002098083505,64.25,91.0,2.700000047683716,57.0,32.0,33.40909957885742,134.5,26.5,38.75,22.899999618530273,7.949999809265138,37.0,0.4000000059604645,1.0199999809265137,52.25,1.75,9.699999809265137,36.79999923706055,30.75,54.0,1.4600000381469729,67.5,17.899999618530273,0.4600000083446503,89.75,34.5,23.10000038146973,2.2799999713897705,160.0,32.25,6.5999999046325675,11.199999809265137,2.3045101165771484,12.100000381469727,57.75,8.550000190734862,22.60000038146973,45.5,6.239999771118164,34.0,85.25,193.0,18.600000381469727,192.0,2.3199999332427983,1.559999942779541,17.899999618530273,14.375,0.5699999928474426,15.33329963684082,4.400000095367432,12.399999618530273,8.850000381469727,17.799999237060547,7.0999999046325675,54.75,27.5,39.25,21.5,24.70000076293945,15.600000381469727,40.75,17.100000381469727,26.25,24.899999618530273,35.25,234.0,68.5,3.059999942779541,5.800000190734862,15.0,4.619999885559082
2018-06-30,2.283329963684082,19.600000381469727,0.5600000023841858,119.5,412.0,195.5,15.300000190734865,11.399999618530273,13.300000190734865,11.199999809265137,6.25,12.600000381469727,70.75,51.25,74.75,47.5,3.640000104904175,1.6000000238418581,3.940000057220459,4.599999904632568,1.5199999809265137,10.699999809265137,9.0,3.1800000667572017,13.100000381469727,5.050000190734863,186.0,3.740000009536743,55.5,78.0,2.059999942779541,50.75,37.5,27.5,138.0,24.79999923706055,33.5,18.600000381469727,7.699999809265138,32.0,0.3799999952316284,0.8600000143051147,48.0,1.5499999523162842,7.8499999046325675,35.20000076293945,27.0,51.25,0.6399999856948853,63.0,16.799999237060547,0.3100000023841858,76.75,30.5,22.100000381469727,1.940000057220459,166.0,33.25,5.8499999046325675,9.350000381469727,2.1398999691009517,11.600000381469727,54.75,8.449999809265138,19.200000762939453,43.75,5.679999828338622,32.25,84.0,192.0,15.800000190734865,171.5,2.200000047683716,1.4700000286102295,12.300000190734865,14.25,0.5299999713897705,15.523799896240234,4.800000190734863,10.399999618530273,8.550000190734862,14.100000381469727,5.300000190734863,53.0,24.70000076293945,38.0,20.100000381469727,24.10000038146973,14.600000381469727,37.5,15.899999618530273,24.29999923706055,24.60000038146973,31.25,226.0,67.25,2.8399999141693115,4.5,11.800000190734865,3.900000095367432
2018-07-31,2.5,21.100000381469727,0.5600000023841858,137.5,450.0,205.0,16.5,12.5,14.5,12.199999809265135,7.199999809265138,13.699999809265135,75.25,51.25,76.25,50.75,4.099999904632568,1.100000023841858,4.0,4.639999866485597,1.5199999809265137,11.100000381469727,9.449999809265137,3.3399999141693115,14.100000381469727,4.599999904632568,201.0,4.0,69.0,81.0,2.259999990463257,56.25,40.75,34.318199157714844,139.5,27.0,35.75,20.5,8.350000381469728,34.5,0.3799999952316284,0.8799999952316284,51.5,1.6699999570846558,9.550000190734863,28.0,29.5,48.75,0.75,66.25,18.899999618530273,0.3400000035762787,81.0,36.25,24.5,2.1199998855590816,166.5,39.0,6.4000000953674325,11.899999618530273,2.0850300788879395,12.300000190734865,59.5,8.550000190734862,21.399999618530273,43.5,6.28000020980835,36.5,78.0,218.0,15.300000190734865,181.5,2.2799999713897705,1.5900000333786009,8.050000190734862,14.0,0.5099999904632568,16.66670036315918,5.050000190734863,11.199999809265137,9.050000190734863,14.100000381469727,6.3499999046325675,56.0,25.25,39.25,20.899999618530273,23.70000076293945,15.600000381469727,41.0,16.5,26.5,26.75,35.5,230.0,72.25,3.059999942779541,5.400000095367432,14.899999618530273,4.0399999618530265
2018-08-31,2.4166700839996342,20.100000381469727,0.5299999713897705,146.0,452.0,206.0,18.899999618530273,12.0,14.600000381469727,11.399999618530273,7.800000190734862,14.699999809265135,82.0,52.0,68.0,53.25,4.119999885559082,1.0399999618530271,4.260000228881837,4.619999885559082,1.5199999809265137,11.199999809265137,9.300000190734863,3.240000009536743,13.199999809265135,4.360000133514403,200.0,4.019999980926514,69.5,83.0,2.3199999332427983,57.25,44.75,36.81819915771485,141.0,26.25,38.25,21.0,8.399999618530272,34.5,0.4000000059604645,0.8700000047683716,51.75,1.6100000143051147,7.6500000953674325,29.75,29.5,46.25,0.7400000095367432,66.0,19.299999237060547,0.2899999916553497,81.5,38.25,25.25,2.200000047683716,178.5,41.5,6.9000000953674325,11.899999618530273,2.0118699073791504,12.399999618530273,59.5,9.0,22.60000038146973,39.5,6.480000019073486,39.0,81.0,212.0,11.699999809265135,178.5,2.4600000381469727,1.6000000238418581,10.600000381469727,12.600000381469727,0.4600000083446503,18.0,4.880000114440918,12.699999809265135,9.25,15.399999618530273,6.550000190734862,55.25,24.60000038146973,41.25,21.200000762939453,24.29999923706055,15.899999618530273,35.0,17.5,26.75,25.75,36.25,227.0,76.75,3.140000104904175,5.349999904632568,15.699999809265135,4.739999771118164
2018-09-30,2.5999999046325684,19.200000762939453,0.5400000214576721,148.0,448.0,212.0,20.299999237060547,13.100000381469727,15.899999618530273,11.5,8.100000381469728,14.399999618530273,83.75,51.75,69.5,53.75,4.119999885559082,1.0199999809265137,5.349999904632568,4.559999942779541,1.5199999809265137,11.0,9.350000381469727,3.2799999713897705,15.199999809265135,4.2800002098083505,202.0,4.260000228881837,69.75,88.25,2.559999942779541,60.25,42.25,41.81819915771485,156.5,25.75,48.0,23.10000038146973,8.699999809265138,34.75,0.5299999713897705,0.8799999952316284,54.5,1.6599999666213991,7.0,36.25,29.25,53.75,0.8399999737739563,65.25,20.100000381469727,0.3100000023841858,81.75,39.5,25.25,2.220000028610229,211.0,46.5,6.9000000953674325,12.399999618530273,2.1398999691009517,12.300000190734865,59.75,8.5,24.5,41.75,7.239999771118164,40.75,83.75,216.0,12.800000190734865,184.5,2.8199999332427983,1.5700000524520874,12.100000381469727,11.600000381469727,0.44999998807907104,19.71430015563965,5.050000190734863,16.100000381469727,9.0,16.100000381469727,6.1500000953674325,54.25,24.5,40.0,21.0,24.5,16.0,36.25,17.700000762939453,27.0,25.0,35.25,237.0,75.0,3.1800000667572017,5.599999904632568,15.600000381469727,4.699999809265137
2018-10-31,2.533329963684082,17.200000762939453,0.4900000095367432,137.0,410.0,207.0,19.5,11.0,14.5,10.300000190734863,7.300000190734862,14.199999809265135,78.0,48.75,66.25,52.5,3.640000104904175,0.9499999880790709,5.0,4.539999961853027,1.5199999809265137,11.0,9.100000381469727,2.9200000762939453,13.100000381469727,4.019999980926514,194.0,4.079999923706056,69.0,81.25,2.740000009536743,55.0,36.75,39.545501708984375,136.5,24.399999618530273,49.25,23.70000076293945,8.25,32.25,1.0800000429153442,0.8399999737739563,50.0,1.5499999523162842,6.1500000953674325,34.75,28.0,44.0,0.6899999976158142,62.75,20.0,0.2899999916553497,76.0,35.5,24.20000076293945,2.1199998855590816,194.5,51.25,6.0999999046325675,10.600000381469727,2.0667400360107417,12.199999809265135,53.0,8.300000190734862,24.70000076293945,39.75,7.0,35.75,78.75,197.5,10.199999809265137,190.5,2.539999961853028,1.4900000095367432,8.899999618530273,10.0,0.4699999988079071,18.095199584960934,4.480000019073486,17.799999237060547,8.100000381469728,14.300000190734865,5.9000000953674325,52.75,23.60000038146973,40.5,20.0,22.200000762939453,14.100000381469727,36.75,16.5,25.5,24.899999618530273,32.75,230.0,70.25,2.5999999046325684,5.050000190734863,14.0,4.2800002098083505
2018-11-30,2.6666700839996342,16.899999618530273,0.4699999988079071,137.5,444.0,207.0,18.299999237060547,10.600000381469727,15.300000190734865,10.199999809265137,6.9000000953674325,14.399999618530273,77.0,49.5,68.5,52.75,3.400000095367432,0.9300000071525574,5.050000190734863,4.519999980926514,1.5199999809265137,11.199999809265137,9.399999618530273,2.7799999713897705,14.5,4.320000171661377,176.0,4.139999866485597,69.25,75.0,2.240000009536743,52.25,28.0,45.45449829101562,129.5,26.25,48.0,23.29999923706055,8.899999618530273,32.25,0.4900000095367432,0.8199999928474426,49.5,1.3400000333786009,5.25,34.0,27.75,47.0,0.5600000023841858,64.75,20.200000762939453,0.3499999940395355,78.5,33.75,24.0,2.1600000858306885,189.0,50.5,6.0,8.800000190734863,2.1033198833465576,12.100000381469727,53.75,8.100000381469728,24.20000076293945,42.0,6.8400001525878915,36.0,80.5,192.5,9.100000381469727,193.0,2.059999942779541,1.4299999475479126,8.850000381469727,12.199999809265135,0.5199999809265137,18.95240020751953,3.9800000190734863,16.5,6.800000190734862,16.200000762939453,5.8499999046325675,49.75,21.600000381469727,40.0,19.5,20.299999237060547,12.600000381469727,32.75,17.799999237060547,25.75,25.25,33.5,237.0,71.75,2.5799999237060547,5.0,12.300000190734865,4.179999828338623
2018-12-31,2.283329963684082,15.399999618530273,0.4000000059604645,132.0,432.0,200.0,16.700000762939453,9.149999618530273,14.899999618530273,9.75,6.25,12.0,73.0,48.75,68.75,51.25,2.6800000667572017,0.8100000023841858,4.960000038146973,4.199999809265137,1.5199999809265137,10.699999809265137,9.399999618530273,2.380000114440918,12.199999809265135,4.139999866485597,169.5,4.139999866485597,68.75,65.25,2.059999942779541,50.0,25.75,41.59090042114258,114.0,24.399999618530273,42.25,20.200000762939453,9.75,32.75,0.4300000071525574,0.7699999809265137,45.75,1.190000057220459,4.820000171661377,30.25,26.5,31.25,0.5199999809265137,63.25,19.299999237060547,0.36000001430511475,71.75,31.75,20.399999618530273,2.0,173.5,48.25,5.800000190734862,8.449999809265138,1.993579983711243,12.5,53.5,6.0999999046325675,20.0,38.25,5.760000228881836,33.5,78.0,183.0,8.600000381469728,184.0,1.919999957084656,1.3799999952316284,6.5999999046325675,11.0,0.4300000071525574,17.904800415039062,3.3199999332427983,14.199999809265135,6.0,14.5,5.150000095367432,47.0,20.5,38.25,18.100000381469727,18.100000381469727,11.600000381469727,28.75,16.0,25.0,24.10000038146973,31.75,244.0,66.0,2.0799999237060547,4.380000114440918,10.199999809265137,3.7000000476837163
2019-01-31,2.6166698932647705,16.5,0.4300000071525574,132.0,472.0,213.0,16.600000381469727,8.300000190734862,15.399999618530273,10.800000190734863,7.25,14.5,80.25,55.0,78.5,53.75,3.0999999046325684,0.8799999952316284,4.679999828338623,4.400000095367432,1.5199999809265137,10.800000190734863,10.199999809265137,2.619999885559082,13.399999618530273,4.2800002098083505,180.0,4.420000076293945,69.5,72.75,2.259999990463257,49.25,26.25,43.63639831542969,123.0,24.0,47.25,22.70000076293945,10.699999809265137,33.5,0.4000000059604645,0.7799999713897705,48.5,1.3200000524520874,5.550000190734863,29.0,28.5,39.5,0.5799999833106995,70.0,19.700000762939453,0.4000000059604645,68.25,34.0,19.600000381469727,2.0999999046325684,173.5,46.5,5.699999809265138,10.5,2.0118699073791504,12.600000381469727,47.0,6.5,22.79999923706055,42.25,5.1599998474121085,39.0,82.25,195.0,10.5,186.5,1.9900000095367432,1.4099999666213991,7.9000000953674325,12.199999809265135,0.4000000059604645,17.523799896240234,3.5199999809265137,15.100000381469727,6.8499999046325675,14.399999618530273,5.050000190734863,54.0,23.399999618530273,38.0,19.200000762939453,19.200000762939453,12.199999809265135,33.0,19.0,25.75,27.5,32.5,263.0,67.5,2.8399999141693115,5.0,11.0,4.400000095367432
2019-02-28,2.700000047683716,16.399999618530273,0.5199999809265137,136.0,472.0,208.0,16.299999237060547,9.399999618530273,15.199999809265135,10.5,7.3499999046325675,14.5,76.25,54.5,78.5,56.25,3.0199999809265137,0.8299999833106995,4.920000076293945,4.420000076293945,1.5199999809265137,11.0,10.600000381469727,2.900000095367432,13.100000381469727,4.440000057220459,183.0,4.260000228881837,72.5,72.5,2.059999942779541,49.75,27.0,46.36360168457031,126.5,24.0,48.5,21.899999618530273,10.5,35.0,0.3799999952316284,0.7900000214576721,49.25,1.3700000047683716,6.4000000953674325,30.75,29.5,55.25,0.6000000238418579,68.5,19.399999618530273,0.3700000047683716,72.5,35.5,21.600000381469727,2.5199999809265137,180.5,47.5,6.0,10.0,2.1398999691009517,12.699999809265135,52.25,6.550000190734862,22.299999237060547,46.25,6.0,38.5,88.25,199.5,9.600000381469727,188.5,1.8500000238418581,1.5199999809265137,6.75,13.399999618530273,0.4099999964237213,17.904800415039062,3.740000009536743,16.899999618530273,7.199999809265138,16.200000762939453,5.599999904632568,55.25,27.25,38.5,19.600000381469727,20.200000762939453,12.100000381469727,33.5,18.899999618530273,25.75,26.5,33.25,268.0,71.5,2.6800000667572017,6.1500000953674325,11.0,4.400000095367432
2019-03-31,2.6166698932647705,16.100000381469727,0.479999989271164,133.5,488.0,208.0,16.899999618530273,8.199999809265138,15.199999809265135,10.699999809265137,7.050000190734862,13.699999809265135,73.25,58.0,74.25,54.5,2.9200000762939453,0.8000000119209291,4.940000057220459,4.400000095367432,1.5199999809265137,11.100000381469727,11.100000381469727,2.7799999713897705,12.300000190734865,4.079999923706056,185.0,4.2199997901916495,71.0,70.25,2.039999961853028,49.5,24.20000076293945,48.40909957885742,126.0,24.70000076293945,48.5,21.0,10.100000381469727,34.75,0.36000001430511475,0.7699999809265137,47.75,1.2999999523162842,6.8499999046325675,34.75,27.0,55.0,0.6200000047683716,68.0,19.100000381469727,0.36000001430511475,67.5,31.5,20.399999618530273,2.5,183.0,44.75,5.75,9.25,1.8838399648666384,12.199999809265135,49.75,5.550000190734863,24.399999618530273,44.25,5.550000190734863,38.5,88.0,188.5,10.0,178.5,1.9099999666213991,1.4900000095367432,6.5999999046325675,13.699999809265135,0.3199999928474426,17.600000381469727,3.559999942779541,12.600000381469727,6.949999809265138,15.600000381469727,4.760000228881836,58.0,27.5,37.0,18.5,18.799999237060547,11.199999809265137,33.25,19.100000381469727,25.0,26.0,32.25,291.0,69.5,2.700000047683716,5.800000190734862,10.899999618530273,4.199999809265137
2019-04-30,2.720000028610229,16.5,0.5600000023841858,130.0,458.0,204.0,18.200000762939453,8.350000381469728,15.800000190734865,11.0,6.9000000953674325,15.5,75.75,61.5,77.0,53.0,3.0199999809265137,0.7900000214576721,5.699999809265138,4.320000171661377,1.5199999809265137,11.399999618530273,11.600000381469727,2.940000057220459,12.800000190734865,4.260000228881837,189.5,4.3400001525878915,74.0,69.0,1.940000057220459,51.0,24.899999618530273,50.22729873657226,134.0,26.0,54.75,22.200000762939453,11.0,36.25,0.3499999940395355,0.7699999809265137,49.0,1.4099999666213991,9.199999809265137,39.5,27.25,61.25,0.6200000047683716,68.25,18.799999237060547,0.33000001311302185,68.5,32.25,21.0,2.5999999046325684,181.0,51.0,5.550000190734863,10.199999809265137,1.8198299407958984,12.199999809265135,45.5,5.8499999046325675,24.899999618530273,43.0,6.3499999046325675,37.25,83.25,189.5,10.699999809265137,177.0,1.950000047683716,1.4700000286102295,6.8499999046325675,15.800000190734865,0.25999999046325684,17.299999237060547,4.0,13.0,7.8499999046325675,17.799999237060547,5.150000095367432,59.0,27.75,38.5,18.100000381469727,22.0,11.600000381469727,36.25,18.799999237060547,26.0,26.0,32.75,296.0,65.75,2.5799999237060547,5.599999904632568,10.899999618530273,4.179999828338623
2019-05-31,3.0,15.0,0.5400000214576721,129.0,452.0,194.5,16.0,7.050000190734862,16.899999618530273,10.5,6.550000190734862,15.800000190734865,72.25,61.25,79.0,52.5,3.1600000858306885,0.699999988079071,6.199999809265138,4.2800002098083505,1.5199999809265137,12.0,11.600000381469727,2.900000095367432,10.199999809265137,4.0,192.5,4.260000228881837,60.5,59.25,1.8600000143051147,46.25,17.200000762939453,49.75,125.5,26.0,53.5,21.600000381469727,11.199999809265137,35.0,0.30000001192092896,0.7200000286102295,46.25,1.3799999952316284,9.649999618530273,40.75,26.25,65.5,0.6299999952316284,66.5,19.0,0.3199999928474426,60.75,25.25,21.200000762939453,3.400000095367432,198.0,53.5,4.679999828338623,9.550000190734863,1.7283799648284912,13.199999809265135,46.25,5.949999809265138,24.79999923706055,34.25,5.800000190734862,38.25,86.0,184.5,16.0,169.0,2.1600000858306885,1.4600000381469729,4.119999885559082,15.399999618530273,0.25,15.899999618530273,3.7200000286102295,11.800000190734865,7.75,19.700000762939453,4.900000095367432,57.5,28.75,36.75,18.0,22.70000076293945,10.899999618530273,34.75,17.899999618530273,27.25,26.75,29.25,290.0,66.0,2.380000114440918,5.949999809265138,9.649999618530273,3.9800000190734863
2019-06-30,3.1800000667572017,15.100000381469727,0.5600000023841858,137.5,470.0,198.0,16.5,8.149999618530272,17.600000381469727,11.0,6.3499999046325675,17.0,76.25,67.0,86.0,55.75,3.640000104904175,0.7699999809265137,7.1500000953674325,4.300000190734863,1.6000000238418581,12.699999809265135,12.100000381469727,3.3199999332427983,10.800000190734863,4.079999923706056,215.0,4.760000228881836,67.75,66.25,1.919999957084656,50.25,19.0,56.0,136.0,26.0,55.75,24.399999618530273,11.5,35.0,0.3499999940395355,0.7300000190734863,48.75,1.4700000286102295,8.949999809265137,44.25,27.0,73.5,0.699999988079071,73.75,19.5,0.2899999916553497,64.5,26.0,22.299999237060547,4.239999771118163,223.0,56.5,5.050000190734863,10.300000190734863,1.792389988899231,14.199999809265135,47.75,6.199999809265138,26.25,35.5,6.9000000953674325,41.0,92.75,188.0,19.5,170.0,2.240000009536743,1.4800000190734863,4.2199997901916495,17.200000762939453,0.30000001192092896,17.799999237060547,3.900000095367432,12.800000190734865,7.8499999046325675,21.100000381469727,5.6500000953674325,62.75,29.75,39.0,19.799999237060547,23.20000076293945,11.699999809265135,35.5,18.299999237060547,29.5,28.25,30.5,325.0,69.25,2.8199999332427983,7.050000190734862,10.899999618530273,4.239999771118163
2019-07-31,3.0999999046325684,14.300000190734865,0.5600000023841858,136.0,432.0,182.0,15.300000190734865,8.449999809265138,17.100000381469727,11.399999618530273,5.75,18.299999237060547,72.5,67.75,86.75,58.5,3.240000009536743,0.8000000119209291,6.6500000953674325,4.1599998474121085,1.3899999856948853,13.100000381469727,12.100000381469727,3.1800000667572017,10.199999809265137,3.880000114440918,214.0,4.6599998474121085,54.0,68.25,2.059999942779541,51.0,17.600000381469727,54.25,135.0,24.79999923706055,51.5,23.79999923706055,10.5,35.5,0.3199999928474426,0.7099999785423279,47.0,1.4800000190734863,10.199999809265137,45.5,28.25,77.5,0.6899999976158142,71.75,19.5,0.4000000059604645,60.5,28.25,23.60000038146973,4.0399999618530265,229.0,59.0,4.739999771118164,9.649999618530273,1.719230055809021,13.699999809265135,40.5,6.300000190734862,24.70000076293945,34.0,7.199999809265138,39.75,101.0,172.0,21.600000381469727,170.0,2.380000114440918,1.4500000476837158,3.7799999713897705,18.299999237060547,0.36000001430511475,16.299999237060547,3.5999999046325684,11.800000190734865,7.5,19.299999237060547,6.4000000953674325,62.75,28.75,39.5,18.899999618530273,21.600000381469727,11.100000381469727,35.0,19.0,27.0,27.25,30.5,327.0,73.0,2.880000114440918,6.25,10.100000381469727,4.059999942779541
2019-08-31,3.1600000858306885,12.699999809265135,0.5899999737739563,123.0,412.0,170.0,16.299999237060547,8.850000381469727,17.799999237060547,10.800000190734863,5.9000000953674325,18.200000762939453,65.5,71.25,84.0,54.25,3.039999961853028,0.7699999809265137,6.199999809265138,4.0,1.2599999904632568,12.300000190734865,13.5,3.119999885559082,9.050000190734863,3.1800000667572017,231.0,4.960000038146973,48.5,67.5,1.9299999475479128,53.5,16.700000762939453,56.0,123.5,23.399999618530273,46.75,26.75,10.899999618530273,33.75,0.2899999916553497,0.6800000071525574,43.75,1.3700000047683716,8.399999618530272,46.5,26.0,76.5,0.6499999761581421,71.75,17.0,0.3799999952316284,53.0,28.25,23.0,3.8199999332427983,222.0,54.75,3.900000095367432,8.350000381469728,1.3900200128555298,14.100000381469727,35.25,6.0,19.600000381469727,32.0,7.199999809265138,37.75,100.0,160.0,21.5,140.5,2.4200000762939453,1.3899999856948853,2.9200000762939453,18.5,0.6600000262260437,15.300000190734865,3.1800000667572017,10.800000190734863,7.300000190734862,20.5,6.25,63.5,25.75,34.75,18.600000381469727,19.299999237060547,9.149999618530273,30.75,17.299999237060547,23.399999618530273,29.5,27.25,330.0,72.0,2.559999942779541,6.550000190734862,8.800000190734863,3.5799999237060547
2019-09-30,3.119999885559082,12.0,0.6499999761581421,120.0,412.0,174.0,15.699999809265135,8.800000190734863,17.0,9.850000381469727,5.8499999046325675,18.0,68.0,71.5,81.25,57.0,2.9600000381469727,0.75,5.800000190734862,3.9800000190734863,1.2200000286102295,12.300000190734865,13.5,2.9600000381469727,9.25,3.039999961853028,222.0,4.78000020980835,49.5,69.5,1.7999999523162842,53.0,17.299999237060547,57.0,123.0,24.20000076293945,48.75,25.0,10.800000190734863,32.75,0.25999999046325684,0.6499999761581421,46.25,1.2100000381469729,7.699999809265138,43.0,25.5,81.0,0.6399999856948853,74.0,17.399999618530273,0.3899999856948853,54.0,28.5,22.299999237060547,3.3199999332427983,207.0,58.0,3.6800000667572017,8.949999809265137,1.5700000524520874,13.699999809265135,33.0,4.900000095367432,20.0,33.0,7.1500000953674325,37.5,102.5,160.5,17.899999618530273,128.0,2.4200000762939453,1.350000023841858,2.4800000190734863,18.100000381469727,0.5899999737739563,15.800000190734865,3.1800000667572017,10.399999618530273,6.75,21.0,5.349999904632568,64.75,24.399999618530273,33.75,20.299999237060547,18.5,8.850000381469727,31.5,16.899999618530273,23.0,26.25,27.25,353.0,66.25,2.539999961853028,6.550000190734862,8.399999618530272,3.4200000762939453
2019-10-31,2.9200000762939453,11.600000381469727,0.6899999976158142,112.5,363.0,176.5,16.700000762939453,8.449999809265138,17.200000762939453,9.699999809265137,5.449999809265137,13.600000381469727,64.5,72.75,78.75,54.25,2.7799999713897705,0.6700000166893005,6.1500000953674325,3.940000057220459,1.100000023841858,11.600000381469727,13.399999618530273,2.7799999713897705,7.300000190734862,2.539999961853028,239.0,4.71999979019165,43.0,67.5,1.7000000476837158,47.75,14.399999618530273,63.75,123.0,23.899999618530273,42.5,25.0,10.800000190734863,31.5,0.2199999988079071,0.5600000023841858,45.75,1.1200000047683716,6.449999809265138,40.5,25.5,82.0,0.6000000238418579,78.75,16.700000762939453,0.3899999856948853,51.25,24.70000076293945,23.0,3.1800000667572017,206.0,61.75,3.359999895095825,8.649999618530272,1.4199999570846558,13.399999618530273,28.5,4.699999809265137,16.899999618530273,27.0,6.4000000953674325,36.25,97.25,136.5,18.100000381469727,119.0,2.539999961853028,1.2599999904632568,2.1400001049041752,20.200000762939453,0.5099999904632568,15.100000381469727,3.0,10.300000190734863,6.5,21.5,5.099999904632568,68.25,24.70000076293945,31.25,20.799999237060547,16.299999237060547,8.5,29.0,13.699999809265135,20.299999237060547,25.25,24.0,355.0,66.0,2.5,6.3499999046325675,7.0999999046325675,3.039999961853028
2019-11-30,3.0199999809265137,11.699999809265135,0.699999988079071,121.5,387.0,177.5,17.399999618530273,7.3499999046325675,16.399999618530273,9.899999618530273,6.25,12.5,63.0,71.5,75.5,55.0,2.700000047683716,0.6700000166893005,5.349999904632568,3.920000076293945,1.1699999570846558,10.899999618530273,13.699999809265135,2.940000057220459,6.9000000953674325,2.240000009536743,218.0,4.2800002098083505,46.25,68.75,1.4800000190734863,45.5,19.299999237060547,62.0,120.0,24.5,44.0,21.700000762939453,10.699999809265137,29.5,0.23000000417232516,0.5799999833106995,43.25,1.1100000143051147,6.449999809265138,40.5,25.5,84.5,0.5600000023841858,75.0,16.399999618530273,0.3899999856948853,54.5,30.75,22.399999618530273,3.5199999809265137,188.5,59.25,3.4600000381469727,8.5,1.6100000143051147,13.5,33.75,4.619999885559082,14.600000381469727,27.75,5.699999809265138,37.75,97.5,156.5,19.799999237060547,135.0,2.6800000667572017,1.2999999523162842,1.919999957084656,22.100000381469727,0.5600000023841858,16.799999237060547,2.859999895095825,9.850000381469727,6.75,22.60000038146973,4.460000038146973,60.5,24.60000038146973,32.75,19.600000381469727,17.399999618530273,7.6500000953674325,30.25,13.600000381469727,19.799999237060547,27.5,25.0,350.0,68.0,2.720000028610229,5.099999904632568,7.300000190734862,2.880000114440918
2019-12-31,2.9800000190734863,11.899999618530273,0.6600000262260437,119.5,392.0,159.5,16.899999618530273,7.699999809265138,16.200000762939453,9.800000190734863,5.699999809265138,12.199999809265135,62.75,69.5,74.0,53.75,2.6600000858306885,0.5899999737739563,4.980000019073486,3.880000114440918,1.0700000524520874,10.899999618530273,13.300000190734865,2.799999952316284,6.8499999046325675,2.220000028610229,215.0,3.900000095367432,53.0,70.0,1.5299999713897705,43.25,25.0,68.25,125.5,26.0,44.0,20.200000762939453,11.0,30.0,0.2199999988079071,0.5400000214576721,44.25,1.0900000333786009,5.9000000953674325,39.25,27.5,84.5,0.550000011920929,74.75,16.5,0.3700000047683716,56.5,35.0,21.799999237060547,3.2999999523162837,189.0,63.75,3.7000000476837163,9.75,1.6299999952316284,13.699999809265135,35.0,4.579999923706055,14.300000190734865,25.25,5.75,36.0,98.5,150.0,16.0,146.5,2.5999999046325684,1.350000023841858,1.6799999475479126,20.299999237060547,0.5199999809265137,16.0,2.640000104904175,10.0,7.3499999046325675,20.700000762939453,4.639999866485597,57.5,25.5,29.75,19.299999237060547,18.0,7.75,27.0,13.5,18.899999618530273,27.5,28.0,330.0,66.0,2.9200000762939453,4.980000019073486,8.649999618530272,2.8399999141693115
2020-01-31,2.700000047683716,10.100000381469727,0.6299999952316284,99.75,358.0,145.5,15.699999809265135,6.0,14.899999618530273,9.600000381469727,4.3400001525878915,12.600000381469727,59.75,69.75,71.5,51.5,2.619999885559082,0.6299999952316284,4.099999904632568,3.880000114440918,1.0599999427795408,11.699999809265135,12.699999809265135,2.720000028610229,5.75,1.75,204.0,3.240000009536743,51.0,52.75,1.440000057220459,40.75,18.600000381469727,75.5,126.0,25.25,43.25,16.899999618530273,11.0,28.5,0.20999999344348907,0.6700000166893005,43.5,1.0099999904632568,5.449999809265137,34.75,28.5,90.0,0.5199999809265137,71.5,16.100000381469727,0.36000001430511475,49.75,35.25,19.899999618530273,3.660000085830689,165.0,65.75,2.9200000762939453,8.399999618530272,1.4299999475479126,14.0,28.5,4.739999771118164,15.100000381469727,21.700000762939453,5.5,31.25,101.0,144.0,14.199999809265135,134.0,2.740000009536743,1.3700000047683716,2.299999952316284,22.0,0.4699999988079071,14.300000190734865,2.1199998855590816,12.600000381469727,7.0999999046325675,21.0,3.8199999332427983,55.75,21.700000762939453,28.5,20.200000762939453,16.700000762939453,7.449999809265138,28.0,14.800000190734865,19.799999237060547,30.25,25.0,317.0,68.0,3.3199999332427983,5.099999904632568,6.699999809265138,2.740000009536743
2020-02-29,2.380000114440918,6.949999809265138,0.5,86.75,316.0,129.0,13.199999809265135,4.480000019073486,12.600000381469727,8.300000190734862,3.559999942779541,10.199999809265137,53.5,61.0,64.25,52.5,2.0,0.5099999904632568,3.759999990463257,3.740000009536743,1.0499999523162842,10.699999809265137,11.199999809265137,2.440000057220459,3.859999895095825,1.2300000190734863,198.0,2.720000028610229,50.25,42.5,1.1599999666213991,35.5,22.299999237060547,68.5,110.0,22.399999618530273,40.0,14.300000190734865,9.600000381469727,22.5,0.18000000715255735,0.5099999904632568,40.75,0.7200000286102295,4.179999828338623,39.0,27.75,69.75,0.3899999856948853,60.75,14.199999809265135,0.3400000035762787,42.0,34.75,18.399999618530273,2.4800000190734863,138.0,58.75,2.220000028610229,7.800000190734862,1.0700000524520874,13.800000190734865,25.75,4.320000171661377,15.300000190734865,18.0,5.300000190734863,26.75,99.25,113.0,14.199999809265135,128.0,2.4600000381469727,1.2400000095367432,2.0199999809265137,19.0,0.33000001311302185,13.100000381469727,1.7000000476837158,11.899999618530273,6.0999999046325675,19.399999618530273,3.2000000476837163,53.0,18.5,24.60000038146973,17.600000381469727,16.5,6.0999999046325675,25.0,14.800000190734865,18.899999618530273,26.5,23.29999923706055,279.0,62.75,2.4800000190734863,4.900000095367432,5.9000000953674325,2.240000009536743
2020-03-31,2.400000095367432,6.300000190734862,0.4900000095367432,74.0,295.0,122.0,13.199999809265135,4.639999866485597,13.800000190734865,8.399999618530272,3.7000000476837163,10.100000381469727,55.0,60.0,66.0,49.75,1.8600000143051147,0.5,3.619999885559082,4.019999980926514,1.0299999713897705,10.699999809265137,11.100000381469727,2.299999952316284,4.71999979019165,1.5399999618530271,193.5,2.799999952316284,49.75,30.0,1.0099999904632568,38.0,18.899999618530273,64.25,76.5,20.799999237060547,37.5,13.800000190734865,9.199999809265137,23.5,0.18000000715255735,0.4900000095367432,26.75,0.8100000023841858,4.400000095367432,34.75,27.0,73.5,0.4000000059604645,62.25,13.399999618530273,0.3100000023841858,30.0,29.75,17.600000381469727,2.3399999141693115,135.5,57.5,2.059999942779541,7.5,1.0,14.0,22.5,4.380000114440918,14.899999618530273,20.0,5.050000190734863,26.25,95.0,112.0,13.5,132.0,2.5,1.2699999809265137,1.9099999666213991,18.299999237060547,0.3400000035762787,14.5,1.6299999952316284,12.699999809265135,5.9000000953674325,19.600000381469727,3.1600000858306885,52.0,18.799999237060547,23.79999923706055,17.5,16.399999618530273,5.949999809265138,23.5,15.0,18.399999618530273,26.5,20.0,266.0,55.75,2.4200000762939453,4.71999979019165,4.5,1.919999957084656
