,Open,High,Low,Last,Date
2,1560.86,1570,1555.96,1570,2015-04-16
3,1572.88,1575.39,1566.65,1566.85,2015-04-17
4,1565.67,1567.04,1556.25,1560.32,2015-04-20
5,1566.35,1572.04,1565.3,1569.35,2015-04-21
6,1571.15,1571.5,1552,1552.01,2015-04-22
7,1556.61,1562.32,1543.47,1544.84,2015-04-23
8,1549.68,1556.1,1545.83,1555.46,2015-04-24
9,1559.2,1562.64,1546.66,1548.83,2015-04-27
10,1549.2,1549.53,1525.92,1531.53,2015-04-28
11,1521.55,1529.29,1513.42,1522.47,2015-04-29
12,1520.55,1531.5,1520.01,1526.74,2015-04-30
13,1529.56,1531.75,1514.79,1519.88,2015-05-06
14,1514.84,1521.86,1498.31,1498.31,2015-05-07
15,1502.29,1514.64,1494.92,1510.51,2015-05-08
16,1517.05,1520.49,1501.3,1501.3,2015-05-11
17,1499.28,1501.12,1478.9,1485.72,2015-05-12
18,1490.93,1497.02,1487.46,1495.95,2015-05-13
19,1496.2,1500.38,1484.95,1497.4,2015-05-14
20,1496.98,1512.19,1494.79,1512.19,2015-05-15
21,1510.21,1515.65,1505.67,1510.41,2015-05-18
22,1513.83,1527.6,1513.13,1525.96,2015-05-19
23,1527.65,1530.85,1518.38,1520.11,2015-05-20
24,1523.33,1529.94,1522.59,1526.25,2015-05-21
25,1533.17,1536.3,1522.06,1523.86,2015-05-22
26,1526.3,1528.13,1508.16,1508.16,2015-05-25
27,1508.12,1513.02,1497.98,1497.98,2015-05-26
28,1491.43,1501.61,1486.63,1500.84,2015-05-27
29,1502.49,1503.38,1487.15,1493.61,2015-05-28
30,1495.64,1500.5,1491.57,1496.05,2015-05-29
31,1492.45,1494.19,1476.28,1476.87,2015-06-02
32,1480.36,1487.38,1477.15,1482.07,2015-06-03
33,1484.57,1491.81,1476.16,1490.9,2015-06-04
34,1490.51,1509.06,1490.29,1507.37,2015-06-05
35,1507.72,1511.5,1501.62,1508.28,2015-06-08
36,1504.59,1505.23,1490.64,1492.32,2015-06-09
37,1496.65,1510.68,1496.37,1504.04,2015-06-10
38,1512.95,1518.34,1510.74,1514.81,2015-06-11
39,1515.64,1517.1,1506.69,1508.23,2015-06-12
40,1507.05,1507.66,1496.76,1501.89,2015-06-15
41,1502.26,1507.93,1501.28,1503.28,2015-06-16
42,1507.23,1516.52,1504.16,1514.79,2015-06-17
43,1517.13,1518.44,1506.57,1508.04,2015-06-18
44,1507.6,1508.19,1488.07,1491.46,2015-06-19
45,1492.55,1509.39,1492.18,1504.06,2015-06-22
46,1512.23,1513.31,1500.97,1503.23,2015-06-23
47,1507.39,1518.61,1506.72,1518.26,2015-06-24
48,1517.35,1523.42,1512.76,1519.47,2015-06-25
49,1520.92,1524.59,1516.96,1518.03,2015-06-26
50,1501.03,1516.93,1495.86,1511.19,2015-06-29
51,1510.18,1512.65,1499.15,1504.55,2015-06-30
52,1504.72,1505.41,1490.8,1491.62,2015-07-02
53,1490.44,1495.37,1485.5,1489.59,2015-07-03
54,1479.81,1482.23,1470.37,1473.23,2015-07-06
55,1477.16,1484.9,1475.88,1483.77,2015-07-07
56,1476.01,1478.97,1466.74,1470.25,2015-07-08
57,1469.59,1479.28,1461.57,1472.57,2015-07-09
58,1482.18,1486.29,1476.91,1484.9,2015-07-10
59,1484.52,1493.63,1480.64,1490.65,2015-07-13
60,1493.39,1494.96,1487.01,1488.4,2015-07-14
61,1490.99,1496.17,1486.74,1486.74,2015-07-15
62,1488.97,1490.62,1476.43,1481.26,2015-07-16
63,1482.61,1484.25,1476.9,1479.31,2015-07-17
64,1480.12,1481.27,1466.64,1466.71,2015-07-20
65,1467.61,1468.25,1442.79,1447.44,2015-07-21
66,1441.38,1449.53,1432.58,1447.84,2015-07-22
67,1447.16,1453.47,1444.21,1444.66,2015-07-23
68,1440.78,1441.92,1433.01,1438.08,2015-07-24
69,1431.86,1433.95,1410.72,1412.55,2015-07-27
70,1416.02,1422.38,1401.13,1408.07,2015-07-28
71,1413.96,1419.07,1401.06,1417.49,2015-07-29
72,1424.01,1440.12,1423.14,1440.12,2015-07-31
73,1435.62,1442.16,1432.1,1442.04,2015-08-03
74,1438.67,1439.06,1428.52,1432.16,2015-08-04
75,1438.16,1441.38,1433.84,1436.36,2015-08-05
76,1436.66,1439.22,1428.53,1430.58,2015-08-06
77,1429.92,1433.15,1426.95,1428.79,2015-08-07
78,1423.3,1425.63,1418.89,1420.13,2015-08-10
79,1423.31,1425.68,1408.32,1408.32,2015-08-11
80,1399.3,1404.15,1382.7,1404.15,2015-08-13
81,1404.24,1416.47,1399.39,1413.92,2015-08-14
82,1414.64,1418.69,1408.74,1408.74,2015-08-17
83,1371.88,1388.12,1362.31,1372.61,2015-08-18
84,1376.19,1383.3,1370.24,1379.12,2015-08-19
85,1372.66,1379.5,1370.04,1372.53,2015-08-20
86,1365.93,1369.84,1357.9,1365.61,2015-08-21
87,1334.62,1336.79,1301.06,1301.06,2015-08-24
88,1315.71,1323.88,1292.14,1323.88,2015-08-25
89,1314.91,1333.3,1314.86,1320.08,2015-08-26
90,1338.37,1359.23,1336.59,1358.03,2015-08-27
91,1374.36,1380.66,1358.76,1365.94,2015-08-28
92,1367.81,1382.41,1364.34,1382.41,2015-08-31
93,1381.64,1384.18,1361.77,1362.39,2015-09-01
94,1360.52,1375.72,1355.27,1372.45,2015-09-02
95,1379.78,1386.54,1378.93,1383.48,2015-09-03
96,1378.64,1381.68,1368.89,1370.75,2015-09-04
97,1368.28,1374.27,1365.7,1371.4,2015-09-07
98,1371.31,1379.92,1360.08,1379.32,2015-09-08
99,1390.17,1398.57,1385.89,1396.29,2015-09-09
100,1386.49,1396.16,1384.39,1396.16,2015-09-10
101,1399.3,1403.3,1381.48,1381.72,2015-09-11
102,1382.64,1385.12,1371.96,1377.15,2015-09-14
103,1377.33,1381.09,1368.31,1370.65,2015-09-15
104,1375.28,1382.42,1369.45,1381.8,2015-09-16
105,1387,1392.81,1384.62,1389.7,2015-09-17
106,1394,1397.77,1386.79,1390.32,2015-09-18
107,1384.76,1394.35,1382.44,1392.73,2015-09-21
108,1396.38,1397.29,1377.79,1379.32,2015-09-22
109,1372.43,1378.64,1364.73,1375.17,2015-09-23
110,1371.9,1375.83,1365.6,1372.35,2015-09-24
111,1375.31,1380.59,1368.43,1376.83,2015-09-25
112,1368.56,1369.1,1352.02,1352.13,2015-09-28
113,1342.36,1358.63,1341.3,1348.84,2015-09-29
114,1353.06,1356.62,1348.24,1349,2015-09-30
115,1353.92,1358.15,1344.96,1345.15,2015-10-01
116,1345.68,1351.03,1342,1346.35,2015-10-02
117,1354.11,1363.98,1353.73,1363.17,2015-10-05
118,1367.9,1372.56,1363.39,1370.69,2015-10-06
119,1376.47,1394.05,1373.59,1393.66,2015-10-07
120,1393.79,1401.84,1390,1392.15,2015-10-08
121,1404.68,1415.53,1403.54,1411.33,2015-10-09
122,1415.44,1417.51,1406.61,1412.49,2015-10-12
123,1408.33,1410.15,1399.52,1406.69,2015-10-13
124,1405.29,1414.85,1404.47,1405.08,2015-10-14
125,1413,1426.17,1412.36,1425.32,2015-10-15
126,1428.99,1429.54,1416.65,1418.38,2015-10-16
127,1421.61,1426.81,1413.34,1416.91,2015-10-19
128,1415.55,1424.07,1414.97,1418.63,2015-10-20
129,1421.63,1424.29,1412.28,1415.8,2015-10-21
130,1415.52,1417.89,1413.48,1416.14,2015-10-22
131,1429.03,1431.86,1423.24,1424.16,2015-10-26
132,1422.73,1428.78,1421.15,1424.05,2015-10-27
133,1422.97,1423.94,1407.02,1409.26,2015-10-28
134,1409.62,1411.29,1387.75,1390.04,2015-10-29
135,1391.41,1398.9,1389.83,1394.94,2015-10-30
136,1395.63,1413.57,1395.35,1413.34,2015-11-02
137,1419.45,1420.6,1408.53,1412.62,2015-11-03
138,1420.65,1425.36,1417.47,1423.42,2015-11-04
139,1421.23,1427.05,1412.51,1413.16,2015-11-05
140,1411.47,1416.42,1408.94,1414.54,2015-11-06
141,1412.15,1413.7,1401.77,1402.57,2015-11-09
142,1398.19,1403.26,1394.71,1398.38,2015-11-10
143,1398.58,1400.97,1389.94,1390.15,2015-11-11
144,1383.88,1387.75,1379.1,1384.29,2015-11-12
145,1380.34,1385.7,1379.1,1382.46,2015-11-13
146,1370.51,1388.81,1368.79,1388.62,2015-11-16
147,1396.54,1398.19,1388.76,1390.17,2015-11-17
148,1390.95,1394.28,1374.97,1376.82,2015-11-18
149,1384.19,1388.34,1381.41,1384.97,2015-11-19
150,1386.99,1396.33,1383.14,1393.84,2015-11-20
151,1397.27,1401.77,1393.99,1394.22,2015-11-23
152,1395.73,1400.2,1383.03,1384.92,2015-11-24
153,1388.53,1391.08,1377.88,1381.46,2015-11-25
154,1383.84,1386.13,1363.61,1365.81,2015-11-26
155,1364.17,1368.92,1359.96,1363.13,2015-11-27
156,1360.72,1369.99,1354.1,1359.7,2015-11-30
157,1363.13,1364.83,1353.08,1357.01,2015-12-01
158,1356.88,1364.96,1339.3,1339.45,2015-12-02
159,1332.6,1342.21,1325.86,1340.62,2015-12-03
160,1334.26,1337.73,1330.87,1333.57,2015-12-04
161,1323.85,1324.61,1306.2,1306.98,2015-12-08
162,1309.22,1316.19,1294.41,1297.82,2015-12-09
163,1297.1,1297.73,1278.3,1280.92,2015-12-11
164,1262.44,1270.04,1251.99,1267.61,2015-12-14
165,1276.96,1300.53,1273.29,1300.51,2015-12-15
166,1304.76,1308.54,1296.24,1299.12,2015-12-16
167,1297.16,1313.09,1296.25,1310.34,2015-12-17
168,1302.05,1302.39,1284.36,1284.92,2015-12-18
169,1271.28,1280.08,1262.28,1264.44,2015-12-21
170,1274.71,1278.94,1258.73,1261.66,2015-12-22
171,1270.47,1275.94,1266.25,1274.5,2015-12-23
172,1285.7,1287.1,1280.02,1284.15,2015-12-24
173,1286.66,1287.46,1275.43,1282.93,2015-12-25
174,1285.65,1287.39,1280.98,1285.87,2015-12-28
175,1281.9,1287.36,1276.47,1283.78,2015-12-29
176,1285.52,1294.84,1285.29,1288.02,2015-12-30
177,1286.26,1286.36,1260.96,1263.41,2016-01-04
178,1267.99,1270.07,1251.87,1253.34,2016-01-05
179,1250.14,1260.88,1247.89,1260.04,2016-01-06
180,1238.06,1244.04,1224.83,1224.83,2016-01-07
181,1231.88,1246.7,1228.18,1244.18,2016-01-08
182,1233.86,1235.18,1220.96,1234.5,2016-01-11
183,1232.16,1255.78,1231.92,1255.3,2016-01-12
184,1268.32,1279.21,1262.53,1278.61,2016-01-13
185,1264.93,1273.91,1260.41,1263.29,2016-01-14
186,1269.4,1273.82,1245.36,1245.85,2016-01-15
187,1234.8,1250.66,1231.32,1245.05,2016-01-18
188,1248.76,1269.98,1248.39,1266.01,2016-01-19
189,1253.43,1257.92,1244.94,1248.98,2016-01-20
190,1260.77,1263.67,1237.56,1245.61,2016-01-21
191,1260.53,1272.09,1254.8,1268.03,2016-01-22
192,1277.28,1283.51,1267.58,1267.7,2016-01-25
193,1261.3,1271.5,1259.35,1268.07,2016-01-26
194,1276.69,1286.16,1275.79,1278.29,2016-01-27
195,1284.21,1288.88,1274.53,1288.4,2016-01-28
196,1291.97,1301.01,1287.23,1300.98,2016-01-29
197,1300.85,1308.26,1293.27,1297.34,2016-02-01
198,1295.76,1300.1,1284.64,1285.3,2016-02-02
199,1277.38,1291.87,1275.41,1291.77,2016-02-03
200,1298.89,1301.87,1294.67,1297.11,2016-02-04
201,1303.97,1307.95,1300.24,1306.29,2016-02-05
202,1308.46,1313.29,1304.71,1307.57,2016-02-08
203,1300.34,1303.99,1294.6,1303.96,2016-02-09
204,1300.32,1306.35,1296.02,1304.74,2016-02-10
205,1300.37,1307.25,1280.74,1280.74,2016-02-11
206,1282.86,1286.2,1270.84,1276.49,2016-02-12
207,1287.05,1294.55,1284.89,1288.4,2016-02-15
208,1296.69,1298.71,1286.26,1289.36,2016-02-16
209,1287.25,1288.62,1275.72,1288.47,2016-02-17
210,1297.23,1301.33,1287.84,1294.59,2016-02-18
211,1295.01,1320.23,1293.48,1320.19,2016-02-19
212,1325.24,1329.24,1319.22,1325.79,2016-02-23
213,1323.01,1336.15,1320.91,1331.93,2016-02-24
214,1338.04,1338.98,1326.68,1333.42,2016-02-25
215,1338.48,1343.51,1335.74,1343.07,2016-02-26
216,1342.43,1343.94,1331.57,1332.37,2016-02-29
217,1335.52,1347.33,1331.55,1346.95,2016-03-01
218,1355.01,1372.46,1352.81,1365.31,2016-03-02
219,1371.46,1383.47,1369.94,1379.33,2016-03-03
220,1385.03,1389.24,1376.37,1379.53,2016-03-04
221,1386.53,1396.3,1385.91,1395.75,2016-03-07
222,1391.58,1397.75,1373.86,1374.62,2016-03-08
223,1371.35,1391.13,1366.81,1390.66,2016-03-09
224,1392.13,1392.49,1376.34,1379.06,2016-03-10
225,1385.27,1396.86,1385.26,1393.41,2016-03-11
226,1401.58,1407.21,1392.51,1394.27,2016-03-14
227,1389.67,1391.76,1380.23,1382.93,2016-03-15
228,1387.01,1392.24,1370.08,1377.8,2016-03-16
229,1388.09,1389.77,1379.96,1380.2,2016-03-17
230,1386.46,1388.7,1376.41,1382.96,2016-03-18
231,1384.72,1393.68,1380.16,1393.63,2016-03-21
232,1400.95,1402.03,1391.23,1397.2,2016-03-22
233,1396.24,1412.16,1393.16,1412.16,2016-03-23
234,1407.36,1412.8,1403.53,1405.41,2016-03-24
235,1407.43,1410.17,1394.53,1394.78,2016-03-25
236,1395.69,1399.22,1386.98,1389.01,2016-03-28
237,1389.04,1394.78,1386.29,1392.85,2016-03-29
238,1401.08,1419.72,1400.55,1410.29,2016-03-30
239,1406.85,1412.92,1402.01,1407.7,2016-03-31
240,1405.07,1406.24,1395.44,1400.72,2016-04-01
241,1399.59,1403.27,1396.42,1400.27,2016-04-04
242,1389.75,1390.11,1373.34,1373.59,2016-04-05
243,1375.19,1379.25,1356.68,1356.69,2016-04-07
244,1357.23,1370.68,1351.27,1369.64,2016-04-08
245,1370.31,1375.47,1364.96,1369.84,2016-04-11
246,1374.92,1386.04,1373.83,1385.42,2016-04-12
247,1387.08,1398.81,1384.39,1398.77,2016-04-18
248,1403.81,1417.96,1402.16,1416,2016-04-19
249,1416.78,1419.77,1407.97,1414.96,2016-04-20
250,1425.72,1432.25,1420.75,1423.9,2016-04-21
251,1425.27,1425.76,1410.81,1410.81,2016-04-22
252,1410.66,1413.99,1406.38,1408.71,2016-04-25
253,1408,1421.89,1405.55,1418.78,2016-04-26
254,1421.8,1423.15,1409.17,1411.84,2016-04-27
255,1416.35,1419.21,1396.16,1399.91,2016-04-28
256,1399.15,1404.61,1394.25,1404.61,2016-04-29
257,1403.53,1409.92,1397.12,1397.87,2016-05-03
258,1392.58,1393.56,1384.18,1390.7,2016-05-04
259,1389.78,1394.28,1381.66,1394.14,2016-05-09
260,1387.17,1393.62,1384.25,1390.13,2016-05-10
261,1391.15,1394.18,1382.27,1382.41,2016-05-11
262,1384.82,1399.39,1383.04,1399.31,2016-05-12
263,1400,1404.57,1394.25,1394.69,2016-05-13
264,1403.24,1406.03,1392.99,1397.63,2016-05-16
265,1405.3,1411.02,1402.43,1406.57,2016-05-17
266,1406.95,1410.04,1399.36,1400.5,2016-05-18
267,1400.78,1400.97,1384.12,1385.86,2016-05-19
268,1387.73,1388.88,1377.65,1381.69,2016-05-23
269,1381.5,1386.15,1376.74,1384.26,2016-05-24
270,1393.95,1398.35,1390.19,1397.63,2016-05-25
271,1398.68,1404.47,1398.08,1401.64,2016-05-26
272,1402.37,1412.67,1400.92,1412.67,2016-05-27
273,1422.43,1425.66,1418.81,1424.12,2016-05-30
274,1427.29,1428.29,1420.19,1424.28,2016-05-31
275,1423.26,1429.08,1415.73,1415.76,2016-06-01
276,1418.72,1429.93,1417.79,1424.06,2016-06-02
277,1430.23,1437.62,1426.8,1436.43,2016-06-03
278,1441.54,1446.43,1440.28,1443.42,2016-06-06
279,1448.39,1450.28,1440.23,1442.42,2016-06-07
280,1443.01,1446.46,1436.43,1445.54,2016-06-08
281,1449.62,1451.08,1435.2,1435.65,2016-06-09
282,1434.33,1438.66,1428.87,1429.21,2016-06-10
283,1419.38,1425.97,1414.89,1421.86,2016-06-13
284,1421.67,1429.63,1421.45,1428.1,2016-06-14
285,1430.87,1436.65,1425.57,1434.89,2016-06-15
286,1428.73,1429.74,1410.26,1411.19,2016-06-16
287,1415.99,1422.22,1412.33,1421.32,2016-06-17
288,1425.53,1426.87,1419.45,1421.99,2016-06-20
289,1422.79,1433.52,1421.36,1430.8,2016-06-21
290,1431.9,1434.4,1422.27,1424.68,2016-06-22
291,1425.41,1438.51,1418.59,1436.4,2016-06-23
292,1411.99,1416.15,1393.83,1413.19,2016-06-24
293,1411.71,1426.68,1410.08,1424.31,2016-06-27
294,1426.65,1437.82,1424.23,1437.42,2016-06-28
295,1445.41,1449.9,1441.54,1442.66,2016-06-29
296,1450.55,1452.08,1436.68,1444.99,2016-06-30
297,1452.83,1456.29,1448.88,1454.56,2016-07-04
298,1455.45,1459.8,1447.69,1450.07,2016-07-05
299,1444.54,1456.98,1443.97,1452.59,2016-07-06
300,1459.04,1464.1,1455.67,1456.72,2016-07-07
301,1456.73,1459.21,1449.87,1455.65,2016-07-08
302,1464.42,1470.57,1463.15,1468.39,2016-07-11
303,1473.32,1477.28,1466.42,1474.92,2016-07-12
304,1481.29,1483.14,1475.44,1477.61,2016-07-13
305,1479.44,1489.68,1475.97,1488.69,2016-07-14
306,1492.96,1498.13,1489.82,1492,2016-07-15
307,1500.52,1510.64,1499.19,1510.03,2016-07-20
308,1511.03,1517.59,1502.45,1502.7,2016-07-21
309,1502.76,1510.58,1497.32,1509.13,2016-07-22
310,1508.66,1516.95,1508.2,1512.66,2016-07-25
311,1513.69,1515.98,1501.56,1504.81,2016-07-26
312,1510.59,1517.73,1509.54,1515.4,2016-07-27
313,1516.64,1526.61,1510.57,1524.58,2016-07-28
314,1527.11,1530.35,1522.01,1524.07,2016-07-29
315,1531.94,1533.75,1511.65,1512.62,2016-08-01
316,1508.18,1511.83,1497.23,1497.51,2016-08-02
317,1496.38,1509.77,1493.88,1507.47,2016-08-03
318,1509.79,1514.29,1507.1,1507.93,2016-08-04
319,1515.93,1521.26,1513.07,1518.69,2016-08-05
320,1538.13,1543.36,1532.39,1542.26,2016-08-08
321,1545.06,1551.59,1542.06,1548.21,2016-08-09
322,1552.21,1554.31,1542.06,1548.13,2016-08-10
323,1548.81,1553.22,1544.1,1552.64,2016-08-11
324,1539.96,1558.32,1538.77,1549.11,2016-08-15
325,1552.76,1556.38,1532.86,1537.52,2016-08-16
326,1535.74,1539.89,1529.99,1531.63,2016-08-17
327,1536.25,1549.98,1535.18,1547.01,2016-08-18
328,1548.62,1551.46,1535.87,1538.76,2016-08-19
329,1537.4,1543.46,1535.57,1539.24,2016-08-22
330,1532.03,1541.01,1528.4,1540.06,2016-08-23
331,1541.07,1550.31,1538.2,1547.55,2016-08-24
332,1550.98,1554.9,1540.42,1544.1,2016-08-25
333,1546.04,1555.88,1545.41,1549.41,2016-08-26
334,1551.14,1553.56,1540.02,1544.15,2016-08-29
335,1548.14,1553.15,1546.04,1546.13,2016-08-30
336,1545.72,1548.71,1539.03,1548.44,2016-08-31
337,1549.21,1550.59,1539.71,1539.71,2016-09-01
338,1539.44,1540.97,1516.7,1521.48,2016-09-02
339,1526.28,1527.22,1477.28,1492.52,2016-09-05
340,1493.32,1502.53,1488.99,1496.9,2016-09-06
341,1500.81,1511.62,1487.2,1487.2,2016-09-07
342,1488.16,1490.24,1451.46,1455.38,2016-09-08
343,1453.6,1458.39,1435.67,1445.28,2016-09-09
344,1422.78,1432.37,1410.87,1411.85,2016-09-12
345,1431.52,1450.43,1429.62,1446.84,2016-09-13
346,1445.14,1459.89,1444.25,1458.19,2016-09-14
347,1460.8,1468.69,1457.07,1463.39,2016-09-15
348,1471.14,1479.07,1466.76,1479.07,2016-09-16
349,1482.58,1493.02,1481.19,1492.73,2016-09-19
350,1490.73,1491.16,1467.55,1473.78,2016-09-20
351,1481.23,1496.93,1480.23,1487.17,2016-09-21
352,1498.76,1506.7,1496.81,1505.99,2016-09-22
353,1505.77,1505.85,1485.14,1492.88,2016-09-23
354,1481.65,1492.21,1479.17,1490.14,2016-09-26
355,1493.55,1498.2,1488.78,1489.39,2016-09-27
356,1489.17,1491.2,1477.29,1479.58,2016-09-28
357,1491.37,1498.51,1488.26,1491.43,2016-09-29
358,1485.82,1490.14,1479.46,1483.21,2016-09-30
359,1490.11,1493.77,1487.62,1490.94,2016-10-03
360,1496.01,1511.06,1494.37,1509.78,2016-10-04
361,1512.79,1514.12,1505.87,1509.92,2016-10-05
362,1512.64,1518.23,1509.71,1513.86,2016-10-06
363,1513.18,1514.25,1501,1504.34,2016-10-07
364,1453.36,1470.84,1450.87,1457.02,2016-10-10
365,1465.79,1467.71,1431.7,1442.21,2016-10-11
366,1432.42,1435.29,1343.13,1406.18,2016-10-12
367,1387.03,1412.82,1356.79,1412.82,2016-10-13
368,1461.42,1480.47,1448.19,1477.61,2016-10-14
369,1470.54,1481.18,1463.19,1477.34,2016-10-17
370,1479.41,1482.17,1467.61,1477.54,2016-10-18
371,1471.78,1490.98,1470.51,1486.28,2016-10-19
372,1495.1,1498.04,1490.65,1492.73,2016-10-20
373,1494.61,1501.22,1491.63,1500.37,2016-10-21
374,1505.82,1508.89,1496.66,1506.47,2016-10-25
375,1505.99,1507.2,1492.11,1492.12,2016-10-26
376,1492.2,1500.99,1488.72,1498.36,2016-10-27
377,1500.72,1501.36,1491.32,1494.44,2016-10-28
378,1494.04,1497.64,1491.04,1495.72,2016-10-31
379,1500.15,1507.74,1499.66,1504.52,2016-11-01
380,1502.19,1502.57,1494.06,1498.65,2016-11-02
381,1499.14,1504.84,1493.05,1493.08,2016-11-03
382,1489.4,1491.44,1478.9,1485.7,2016-11-04
383,1496.06,1504.98,1495.14,1502.27,2016-11-07
384,1504.49,1510.99,1501.96,1509.84,2016-11-08
385,1498.81,1509.43,1486.32,1509.43,2016-11-09
386,1519.17,1522.63,1513,1514.26,2016-11-10
387,1508.62,1509.02,1493.93,1494.53,2016-11-11
388,1481.97,1483.29,1467.37,1469.23,2016-11-14
389,1474.06,1478.63,1463.31,1476.46,2016-11-15
390,1483.88,1486.45,1474.55,1474.64,2016-11-16
391,1477.11,1478.3,1467.36,1473.85,2016-11-17
392,1471.99,1475.9,1465.9,1473.86,2016-11-18
393,1476.82,1482.87,1472.65,1478.3,2016-11-21
394,1485.56,1489.29,1483.03,1485.68,2016-11-22
395,1491.02,1496.38,1488.38,1496.36,2016-11-23
396,1495.65,1497.62,1487.94,1490.11,2016-11-24
397,1494.26,1500.41,1493.55,1500.4,2016-11-25
398,1502.57,1505.48,1498.93,1500.78,2016-11-28
399,1507.59,1509.51,1494.51,1497.18,2016-11-29
400,1498.41,1511.87,1496.05,1510.24,2016-11-30
401,1519.66,1523.63,1510.64,1512.38,2016-12-01
402,1514.4,1518.29,1498.57,1501.66,2016-12-02
403,1506.48,1516.5,1503.15,1516.48,2016-12-06
404,1515.61,1523.45,1513.28,1520.53,2016-12-07
405,1524.2,1530.33,1523.73,1525.41,2016-12-08
406,1531.95,1532.84,1522.84,1526.32,2016-12-09
407,1528.16,1532.37,1521.42,1530.21,2016-12-13
408,1531.06,1531.84,1518.11,1521.25,2016-12-14
409,1516.2,1522.62,1514.68,1519.65,2016-12-15
410,1523.47,1527.58,1520.73,1522.51,2016-12-16
411,1524.15,1527.03,1520.89,1522.4,2016-12-19
412,1524.64,1524.89,1507.91,1511.65,2016-12-20
413,1513.68,1515.87,1506.75,1508.57,2016-12-21
414,1509.09,1510.42,1502.29,1504.12,2016-12-22
415,1504.76,1511.85,1502.28,1509.98,2016-12-23
416,1512.09,1517.08,1511.8,1515.23,2016-12-26
417,1516.25,1519.66,1513.98,1517.08,2016-12-27
418,1520.4,1526.62,1518.68,1524.6,2016-12-28
419,1524.58,1542.39,1523.97,1537.81,2016-12-29
420,1539.51,1546.58,1538.05,1542.94,2016-12-30
421,1548.49,1564.58,1548.44,1563.58,2017-01-04
422,1568.39,1574.85,1564.84,1571.05,2017-01-05
423,1572.9,1575.62,1566.78,1571.48,2017-01-06
424,1572.84,1573.75,1559.83,1564.08,2017-01-09
425,1563.49,1574.04,1563.13,1572.1,2017-01-10
426,1572.38,1583.26,1571.83,1572.93,2017-01-11
427,1580.77,1581.35,1567.36,1568.84,2017-01-12
428,1572.67,1576.35,1566.81,1575.24,2017-01-13
429,1574.15,1576.82,1567.65,1571.8,2017-01-16
430,1573.01,1577.71,1566.17,1566.84,2017-01-17
431,1569.28,1572.16,1560.76,1560.83,2017-01-18
432,1559.48,1560.44,1546.56,1554.88,2017-01-19
433,1553.07,1566.34,1552.16,1562.99,2017-01-20
434,1567.68,1571.01,1565.09,1570.79,2017-01-23
435,1573.35,1581.78,1572.92,1578.82,2017-01-24
436,1584.05,1588.11,1580.07,1584.29,2017-01-25
437,1596.74,1600.79,1587.21,1591,2017-01-26
438,1590.37,1592.51,1586.01,1590.8,2017-01-27
439,1589.25,1594.66,1587,1590.56,2017-01-30
440,1586.24,1586.87,1575.86,1577.31,2017-01-31
441,1575.13,1581.35,1569.75,1576.32,2017-02-01
442,1577.14,1582.1,1572.45,1572.67,2017-02-02
443,1573.26,1586.06,1571.38,1582.95,2017-02-03
444,1586.79,1592.68,1584.44,1589.13,2017-02-06
445,1587.76,1591.7,1580.66,1582.52,2017-02-07
446,1582.54,1594.61,1581.6,1589.29,2017-02-08
447,1592.91,1595.81,1582.6,1583.25,2017-02-09
448,1589.68,1590.96,1582.68,1585.24,2017-02-10
449,1586.38,1587.66,1570.06,1572.24,2017-02-14
450,1571.86,1574.91,1560.67,1573.37,2017-02-15
451,1574.34,1580.34,1573.07,1576.05,2017-02-16
452,1578.86,1583.74,1577.26,1577.84,2017-02-17
453,1580.46,1581.91,1574.24,1578.47,2017-02-20
454,1578.38,1583.31,1564.37,1564.42,2017-02-21
455,1567.9,1572.22,1561.71,1572.04,2017-02-22
456,1569.98,1570.27,1562.58,1567.32,2017-02-23
457,1566.64,1568.43,1561.46,1564.59,2017-02-24
458,1560.58,1562.86,1555.52,1558.03,2017-02-27
459,1559.48,1563.96,1557.93,1559.56,2017-02-28
460,1562.03,1567.36,1559.85,1567.19,2017-03-01
461,1571.28,1573.31,1568.42,1569.94,2017-03-02
462,1567.06,1569.74,1564.16,1566.2,2017-03-03
463,1564.41,1564.89,1550.98,1553.61,2017-03-06
464,1552.44,1556.95,1549.09,1549.87,2017-03-07
465,1549.29,1551.73,1534.85,1551.73,2017-03-08
466,1548.23,1551.2,1544.62,1549.24,2017-03-09
467,1547.91,1548.59,1537.23,1539.91,2017-03-10
468,1537.08,1538.1,1528.78,1535.51,2017-03-13
469,1533.5,1546.01,1531.73,1543.15,2017-03-14
470,1542.57,1545.28,1537.47,1540.8,2017-03-15
471,1548.89,1559.61,1547.42,1557.05,2017-03-16
472,1559.97,1562.82,1554.49,1560.98,2017-03-17
473,1564.43,1568.29,1561.79,1563.54,2017-03-20
474,1566,1571.74,1564.06,1568.78,2017-03-21
475,1561.25,1569.99,1558,1566.66,2017-03-22
476,1571.48,1573.25,1567.42,1568.72,2017-03-23
477,1569.21,1575.39,1566.6,1573.51,2017-03-24
478,1573.67,1576.12,1568.48,1570.5,2017-03-27
479,1573.36,1579.59,1572.06,1576.72,2017-03-28
480,1575.78,1579.59,1573.06,1574.97,2017-03-29
481,1576.18,1584.73,1574.14,1579.88,2017-03-30
482,1582.98,1584.96,1574.71,1575.11,2017-03-31
483,1578.48,1583.55,1577.78,1580.86,2017-04-03
484,1580.53,1586.04,1579.07,1583.82,2017-04-04
485,1584.64,1585.46,1577.36,1582.12,2017-04-05
486,1580.16,1583.88,1575.44,1583.53,2017-04-07
487,1580.96,1583.04,1576.99,1581.19,2017-04-10
488,1582.51,1585.93,1579.96,1582.78,2017-04-11
489,1584.97,1589.5,1584.4,1589.5,2017-04-12
490,1585.78,1585.96,1574.8,1575.91,2017-04-17
491,1579.62,1583.78,1574.42,1574.42,2017-04-18
492,1573.88,1575.11,1567.03,1567.19,2017-04-19
493,1566.7,1572.9,1565.67,1566.28,2017-04-20
494,1569.9,1573.39,1567.55,1570.02,2017-04-21
495,1571.16,1572.77,1562.2,1564.66,2017-04-24
496,1567.5,1569.9,1553.44,1562.27,2017-04-25
497,1562.32,1569.1,1559.64,1567.47,2017-04-26
498,1566.83,1569.36,1563.58,1566.77,2017-04-27
499,1568.56,1569.12,1562.82,1566.32,2017-04-28
500,1566.59,1570.07,1563.91,1564.12,2017-05-02
501,1565.66,1569.51,1563.2,1564.12,2017-05-03
502,1565.77,1574.38,1565.59,1573.05,2017-05-04
503,1570.7,1571.8,1563.95,1569.02,2017-05-05
504,1568,1571.42,1565.74,1568.02,2017-05-08
505,1570.61,1571.08,1557.6,1560.31,2017-05-09
506,1562.89,1564.31,1546.81,1550.27,2017-05-11
507,1550.12,1550.13,1537.43,1543.94,2017-05-12
508,1541.56,1542.11,1531.68,1537.42,2017-05-15
509,1537.36,1548.35,1536.48,1546.35,2017-05-16
510,1547.51,1552.55,1545.17,1548.29,2017-05-17
511,1544.35,1548.6,1541.22,1545.88,2017-05-18
512,1547.23,1552.23,1545.23,1549.64,2017-05-19
513,1553.67,1560.11,1553.64,1557.73,2017-05-22
514,1560.84,1565.61,1558.07,1564.69,2017-05-23
515,1565.77,1567.92,1563.49,1566.15,2017-05-24
516,1569.07,1571.68,1566.75,1569.41,2017-05-25
517,1568.66,1572.66,1566.81,1569.27,2017-05-26
518,1569.62,1571.68,1566.3,1568.17,2017-05-29
519,1569.84,1572.15,1567.62,1568.57,2017-05-30
520,1572.06,1574.44,1558.22,1561.66,2017-05-31
521,1562.08,1565.63,1559.51,1563.11,2017-06-01
522,1565.09,1570.96,1564.7,1567.6,2017-06-02
523,1572.5,1573.13,1562.73,1566.85,2017-06-05
524,1568.18,1570.49,1562.85,1568.95,2017-06-06
525,1571.14,1573.16,1565.93,1566.58,2017-06-07
526,1567.76,1571.78,1563.31,1570.28,2017-06-08
527,1571.12,1571.7,1564.53,1566.65,2017-06-09
528,1566.85,1569.7,1560.75,1563.81,2017-06-12
529,1565.41,1573.32,1564.55,1572.36,2017-06-13
530,1574.09,1578.53,1570.7,1577,2017-06-14
531,1575.28,1580.52,1573.53,1573.53,2017-06-15
532,1576.77,1579.23,1573.15,1576.58,2017-06-16
533,1579.74,1583.77,1579.32,1581.14,2017-06-19
534,1583.74,1584.15,1577.67,1578.62,2017-06-20
535,1577.29,1578.63,1573.7,1577.01,2017-06-21
536,1578.26,1583.67,1577.63,1580.91,2017-06-22
537,1582.93,1585.41,1581.28,1582.36,2017-06-23
538,1585.84,1589.69,1584.28,1585.61,2017-06-26
539,1589.47,1591.09,1584.22,1586.45,2017-06-27
540,1586.51,1587.85,1580.86,1582.63,2017-06-28
541,1586.91,1590.49,1576.94,1578.12,2017-06-29
542,1578.19,1580.2,1567.16,1574.74,2017-06-30
543,1577.18,1581.64,1575.12,1579.41,2017-07-03
544,1582.04,1583,1572.51,1574.11,2017-07-04
545,1575.78,1579.28,1573.52,1575.02,2017-07-05
546,1575.15,1575.78,1564.05,1569.64,2017-07-06
547,1567.7,1570.6,1565.17,1569.44,2017-07-07
548,1570.3,1572.02,1564.75,1569.24,2017-07-11
549,1572.43,1577.21,1569.93,1574.93,2017-07-12
550,1581.43,1584.26,1575.83,1579.41,2017-07-13
551,1581.45,1582.23,1574.66,1577.79,2017-07-14
552,1581.45,1582.69,1572.61,1574.09,2017-07-17
553,1575.35,1577.02,1569.16,1571.52,2017-07-18
554,1574.71,1578.06,1572.44,1575.85,2017-07-19
555,1577.52,1578.96,1574.71,1575.28,2017-07-20
556,1576.9,1579.39,1573.42,1573.51,2017-07-21
557,1574.45,1580.19,1573.99,1576.73,2017-07-24
558,1578.64,1581.96,1577.32,1581.42,2017-07-25
559,1583.52,1586.12,1581.7,1583.17,2017-07-26
560,1584.74,1585.27,1578.58,1581.06,2017-07-27
561,1582.22,1582.86,1569.79,1576.08,2017-07-31
562,1573.92,1579.12,1571.65,1576.45,2017-08-01
563,1580.27,1582.59,1577.18,1580.54,2017-08-02
564,1580.24,1583.7,1577.93,1578.25,2017-08-03
565,1580.4,1582.88,1578.03,1578.26,2017-08-04
566,1579.32,1580.47,1573.32,1573.67,2017-08-07
567,1575.37,1579.64,1573.21,1577.44,2017-08-08
568,1577.95,1578.3,1569.4,1571.51,2017-08-09
569,1571.83,1573.11,1566.45,1571.64,2017-08-10
570,1567.44,1567.95,1556.22,1561.31,2017-08-11
571,1567.41,1572.07,1565.43,1567.19,2017-08-15
572,1566.83,1568.64,1562.51,1567.52,2017-08-16
573,1568.89,1570.72,1564.75,1568.95,2017-08-17
574,1567.17,1568.37,1562.01,1566.53,2017-08-18
575,1568.89,1572.11,1567.21,1569.62,2017-08-21
576,1571.78,1574.92,1569.75,1573.19,2017-08-22
577,1574.9,1576.23,1570.61,1573.38,2017-08-23
578,1575.55,1577.98,1572.1,1575.96,2017-08-24
579,1576.42,1577.61,1571.13,1575.85,2017-08-25
580,1579.09,1589.72,1577.72,1585.79,2017-08-28
581,1586.68,1617.73,1585.48,1614.14,2017-08-29
582,1617.83,1626.22,1610.45,1613.34,2017-08-30
583,1611.53,1616.8,1607.78,1616.16,2017-08-31
584,1621.4,1624.37,1617.33,1618.42,2017-09-01
585,1618.63,1621.37,1614.3,1619.11,2017-09-04
586,1620.7,1623.95,1616.33,1620.42,2017-09-05
587,1620.86,1621.42,1615.31,1621.3,2017-09-06
588,1623.97,1634.3,1622.34,1632.66,2017-09-07
589,1638.81,1647.54,1633.84,1635.61,2017-09-08
590,1637.67,1642.88,1634.12,1637.54,2017-09-11
591,1641.5,1646.16,1639.14,1643.55,2017-09-12
592,1648.04,1652.51,1640.94,1642.94,2017-09-13
593,1646.37,1661.6,1643.8,1659.1,2017-09-14
594,1659.88,1662.64,1653.41,1660.53,2017-09-15
595,1663.34,1678.23,1662.9,1670.2,2017-09-18
596,1673.13,1675.14,1663.95,1672.59,2017-09-19
597,1671.96,1675.06,1664.33,1670.65,2017-09-20
598,1671.29,1676.78,1668.36,1670.49,2017-09-21
599,1666.42,1670.29,1658.26,1659.05,2017-09-22
600,1660.55,1669.57,1657.78,1667.59,2017-09-25
601,1671.81,1674.59,1667.92,1669.75,2017-09-26
602,1671.15,1675.44,1663.17,1670.27,2017-09-27
603,1672.62,1675.32,1660.29,1666.36,2017-09-28
604,1666.3,1676.48,1664.43,1673.16,2017-09-29
605,1677.22,1691.13,1676.97,1688.64,2017-10-02
606,1691.73,1692.85,1684.38,1689.97,2017-10-03
607,1693.92,1698.59,1682.04,1687.77,2017-10-04
608,1689.91,1692.95,1685.46,1690.87,2017-10-05
609,1696.24,1701.12,1693.79,1695.97,2017-10-06
610,1698.73,1700.75,1691.82,1692.22,2017-10-09
611,1694.53,1708.35,1687.01,1706.95,2017-10-10
612,1714.73,1718.97,1710.76,1714.14,2017-10-11
613,1718.06,1719.6,1709.57,1712.48,2017-10-12
614,1719.67,1728.62,1719.12,1726.67,2017-10-16
615,1726.29,1729.8,1719.26,1724.47,2017-10-17
616,1723.43,1723.61,1707.53,1707.53,2017-10-18
617,1707.7,1712.52,1681,1683.43,2017-10-19
618,1673.51,1696.5,1673.01,1692.58,2017-10-20
619,1694.33,1706,1693.03,1701.81,2017-10-24
620,1708.37,1711.58,1704.97,1708.84,2017-10-25
621,1712.33,1721.88,1712.02,1716.03,2017-10-27
622,1720.12,1723.04,1704.17,1718.66,2017-10-30
623,1721.02,1726.52,1717.63,1721.37,2017-10-31
624,1728.8,1729.64,1713.7,1714.55,2017-11-01
625,1714.62,1716.22,1701.93,1701.93,2017-11-02
626,1707.02,1707.87,1696.66,1701.47,2017-11-03
627,1703.17,1713.08,1695.67,1711.74,2017-11-06
628,1716.26,1721.08,1711.29,1712.75,2017-11-07
629,1714.3,1718.7,1709.81,1714.65,2017-11-08
630,1718.02,1718.74,1702.14,1703.03,2017-11-09
631,1702.92,1704.51,1688.77,1689.28,2017-11-10
632,1686.89,1690.78,1680.53,1687.05,2017-11-13
633,1688.96,1704.82,1684.82,1702.63,2017-11-14
634,1700.05,1701.01,1688.65,1690.26,2017-11-15
635,1692.79,1699.85,1691.17,1691.25,2017-11-16
636,1701.48,1711.49,1697.65,1709.38,2017-11-17
637,1715.02,1718.29,1711.39,1714.38,2017-11-20
638,1716.74,1718.8,1707.31,1710.48,2017-11-21
639,1715.29,1722.45,1713.12,1713.13,2017-11-22
640,1716.47,1719,1707.33,1707.38,2017-11-23
641,1707.8,1710.78,1691.45,1695.84,2017-11-24
642,1693.99,1699.71,1687.43,1695.67,2017-11-27
643,1696.06,1706.55,1695.84,1706.52,2017-11-28
644,1710.33,1715.41,1705,1705.33,2017-11-29
645,1702.54,1708.42,1691.8,1697.39,2017-11-30
646,1704.2,1705.97,1696.46,1699.65,2017-12-01
647,1704.7,1706.48,1692.45,1697.61,2017-12-04
648,1694.96,1696.63,1686.02,1694.39,2017-12-06
649,1693.81,1703.51,1690.44,1703.37,2017-12-07
650,1706.69,1712.49,1704.07,1706.52,2017-12-08
651,1709.54,1710.8,1699.98,1702.17,2017-12-12
652,1704.01,1708.7,1702.58,1706.93,2017-12-13
653,1709.52,1716.14,1707.49,1714.99,2017-12-14
654,1713.26,1717.69,1709.16,1717.69,2017-12-15
655,1720.41,1727.07,1717.33,1723.71,2017-12-18
656,1727.22,1736.83,1726.82,1732.31,2017-12-19
657,1734.45,1739.29,1728.81,1738.16,2017-12-20
658,1739.54,1742.04,1734.73,1736.91,2017-12-21
659,1739.06,1744.21,1736.26,1742.08,2017-12-22
660,1745.64,1752.82,1744.34,1750.22,2017-12-25
661,1751.05,1754.68,1743.27,1752.48,2017-12-26
662,1756.16,1763.36,1751.98,1752.89,2017-12-27
663,1755.55,1756.64,1734.7,1743.29,2017-12-28
664,1747.58,1753.73,1745.77,1753.71,2017-12-29
665,1759.61,1779.55,1758.07,1778.53,2018-01-03
666,1786.64,1791.39,1779.28,1791.02,2018-01-04
667,1793.89,1803.93,1787.34,1795.45,2018-01-05
668,1799.59,1813.17,1792.81,1792.81,2018-01-08
669,1795.89,1798.69,1784.75,1795.21,2018-01-09
670,1803.14,1807.09,1791.82,1794.92,2018-01-10
671,1795.08,1804.54,1786.47,1802.8,2018-01-11
672,1810.13,1816.81,1808.53,1810.19,2018-01-12
673,1819.24,1830.68,1818.51,1822.66,2018-01-15
674,1829.09,1831.45,1816.9,1821.83,2018-01-16
675,1819.13,1828.93,1816.06,1828.88,2018-01-17
676,1836.35,1837.92,1819.18,1819.32,2018-01-18
677,1815.2,1821.34,1803.55,1821.34,2018-01-19
678,1819.14,1827.29,1815.13,1824.06,2018-01-22
679,1830.92,1836.68,1825.07,1831.78,2018-01-23
680,1831.39,1841.21,1829.08,1838.96,2018-01-24
681,1843.3,1848.07,1819.29,1819.29,2018-01-25
682,1819.45,1829.07,1806.13,1828.88,2018-01-26
683,1835.9,1839.85,1831.15,1837.49,2018-01-29
684,1834.37,1835.59,1821.4,1826.61,2018-01-30
685,1820.35,1834.26,1819.5,1826.86,2018-01-31
686,1833.53,1837.86,1830.55,1833.6,2018-02-01
687,1838.98,1841.94,1822.72,1827.35,2018-02-02
688,1798.42,1813.94,1796.93,1810.32,2018-02-05
689,1775.42,1792.17,1758.31,1788.43,2018-02-06
690,1801.94,1804.75,1782.94,1785.44,2018-02-07
691,1787.24,1796.07,1781.18,1786.66,2018-02-08
692,1767.31,1788.01,1766.82,1786.45,2018-02-09
693,1790,1799.45,1786.25,1799.45,2018-02-12
694,1804.64,1806.11,1797.29,1800.03,2018-02-13
695,1805.68,1806.78,1792,1792.09,2018-02-14
696,1799.69,1801.95,1790.8,1800.86,2018-02-15
697,1804.6,1809.75,1802.39,1805.89,2018-02-16
698,1812.36,1819.36,1809.14,1809.67,2018-02-19
699,1811.16,1815.33,1801.02,1801.02,2018-02-20
700,1812.49,1814.83,1797.79,1801.16,2018-02-21
701,1801.08,1808.58,1787.7,1788.63,2018-02-22
702,1792.83,1809.3,1790.28,1808.06,2018-02-23
703,1811.54,1834.21,1809.33,1834.18,2018-02-26
704,1842.92,1852.51,1830.03,1830.39,2018-02-27
705,1828.62,1840.06,1825.67,1830.13,2018-02-28
706,1821.17,1825.63,1806.84,1811.98,2018-03-02
707,1812.27,1817.08,1792.14,1808.89,2018-03-05
708,1812.27,1817.93,1795.34,1799.06,2018-03-06
709,1797.04,1798.13,1780.12,1781.64,2018-03-07
710,1785.44,1794.18,1772.79,1778.9,2018-03-08
711,1784.88,1786.43,1761.63,1775.37,2018-03-09
712,1789.16,1800.33,1784.39,1800.32,2018-03-12
713,1797.8,1809.9,1793.78,1809.9,2018-03-13
714,1805.22,1817.36,1803.6,1813.4,2018-03-14
715,1815.12,1820.51,1809.94,1816.08,2018-03-15
716,1813,1818.53,1809.41,1811.76,2018-03-16
717,1812.33,1812.94,1797.58,1799.79,2018-03-19
718,1793.62,1803.84,1793.09,1799.84,2018-03-20
719,1806.92,1808.85,1796.35,1801.43,2018-03-21
720,1809,1813.64,1796.75,1798.55,2018-03-22
721,1780.88,1794.21,1779.73,1794.21,2018-03-23
722,1797.27,1801.5,1792.99,1801.1,2018-03-26
723,1807.79,1810.53,1799.88,1802.58,2018-03-27
724,1797.84,1802.71,1782.07,1784.99,2018-03-28
725,1783.72,1789,1756.62,1766.92,2018-03-29
726,1774.34,1777.06,1753.93,1776.26,2018-03-30
727,1774.72,1783.73,1771.58,1782.28,2018-04-02
728,1773.7,1779.04,1764.18,1765.24,2018-04-03
729,1767.46,1771.58,1724.9,1724.98,2018-04-04
730,1735.74,1740.84,1724.88,1739.92,2018-04-05
731,1737.08,1752.91,1735.38,1751.27,2018-04-09
732,1757,1761.76,1744.73,1760.95,2018-04-10
733,1763.31,1770.47,1756.4,1763.22,2018-04-11
734,1764.2,1770.01,1757.76,1767.17,2018-04-12
735,1766.82,1768.38,1752.43,1755.53,2018-04-17
736,1761.83,1772.27,1760.67,1771.56,2018-04-18
737,1778.2,1795.3,1776.81,1794.94,2018-04-19
738,1797.31,1805.73,1787.95,1801.28,2018-04-20
739,1800.78,1805.78,1789.02,1790.14,2018-04-23
740,1796.5,1803.21,1784.48,1788.2,2018-04-24
741,1781.28,1787,1772.35,1779.52,2018-04-25
742,1780.01,1785.28,1770.34,1773.2,2018-04-26
743,1777.38,1779.8,1767.12,1778.02,2018-04-27
744,1782.1,1784.5,1776.94,1780.11,2018-04-30
745,1777.27,1791.14,1771.65,1791.13,2018-05-02
746,1786.55,1797.56,1786,1790.8,2018-05-03
747,1786.87,1792.22,1777.1,1779.87,2018-05-04
748,1785.65,1789.77,1776.32,1779.8,2018-05-07
749,1780.49,1782.08,1756.72,1760.25,2018-05-08
750,1761.19,1763.25,1751.22,1756.9,2018-05-09
751,1762.33,1763.06,1744.55,1746.89,2018-05-10
752,1749.94,1765.94,1746.03,1765.93,2018-05-11
753,1770.32,1774.82,1767.23,1773.1,2018-05-14
754,1773.41,1774.71,1759.22,1766.86,2018-05-15
755,1757.9,1761.06,1747.32,1750.62,2018-05-16
756,1752.24,1757.97,1745.45,1751.2,2018-05-17
757,1752.57,1755.53,1745.9,1754.17,2018-05-18
758,1761.04,1770.13,1758.47,1768.31,2018-05-21
759,1769.23,1771.16,1754.82,1760.71,2018-05-22
760,1756.2,1761.61,1747.75,1753.6,2018-05-23
761,1747.17,1751.04,1729.95,1732.51,2018-05-24
762,1735.95,1741.23,1725.06,1741.21,2018-05-25
763,1735.81,1738.92,1729.66,1734.54,2018-05-28
764,1717.5,1726.65,1711.73,1725.14,2018-05-30
765,1730.02,1734.28,1720.31,1726.97,2018-05-31
766,1726.85,1729.88,1714.62,1719.82,2018-06-01
767,1718.92,1724.71,1715.82,1721.29,2018-06-04
768,1722.38,1734.32,1710.81,1732.71,2018-06-05
769,1737.23,1744.48,1731.98,1738.7,2018-06-06
770,1743.63,1746.5,1733.01,1733.05,2018-06-07
771,1735.78,1736,1721.88,1722.04,2018-06-08
772,1723.8,1727.63,1716.25,1723.11,2018-06-11
773,1725.91,1735.84,1724.71,1727.29,2018-06-12
774,1726.47,1728.54,1716.38,1718.34,2018-06-13
775,1714.52,1715.65,1699.66,1709.86,2018-06-14
776,1706.52,1711.4,1695.39,1704.82,2018-06-15
777,1694.24,1695.44,1679.48,1679.68,2018-06-18
778,1667.47,1674.28,1633.72,1639.54,2018-06-19
779,1647.22,1665.27,1640.13,1664.26,2018-06-20
780,1663.63,1664.97,1629.26,1634.44,2018-06-21
781,1641.58,1648.74,1628.16,1634.98,2018-06-22
782,1641.02,1646.37,1621.12,1622.28,2018-06-25
783,1615.79,1629.02,1608.24,1623.98,2018-06-26
784,1631.39,1638.73,1615.38,1618.66,2018-06-27
785,1623.67,1624.97,1599.44,1599.54,2018-06-28
786,1604.51,1609.86,1584.68,1595.58,2018-06-29
787,1597.01,1607.41,1586.34,1607.27,2018-07-02
788,1607.2,1628.3,1600.71,1626.62,2018-07-03
789,1625.17,1632.43,1615.9,1629.2,2018-07-04
790,1626.78,1628.79,1596.55,1601.42,2018-07-05
791,1598.76,1618.36,1587.94,1614.76,2018-07-06
792,1626.11,1629.21,1620.92,1622.96,2018-07-09
793,1629.01,1643.76,1617.51,1643.6,2018-07-10
794,1631.63,1641.34,1628.03,1636.63,2018-07-11
795,1634.73,1646.12,1633.53,1640.93,2018-07-12
796,1645.33,1649.66,1639.49,1643.52,2018-07-13
797,1638.35,1640.74,1623.42,1627.69,2018-07-16
798,1624.68,1629.18,1616.59,1626.07,2018-07-17
799,1632.17,1638.52,1630.04,1635.85,2018-07-18
800,1641.22,1650.85,1637.2,1646.89,2018-07-19
801,1651.36,1674.32,1648.44,1671.06,2018-07-20
802,1672.11,1681.74,1665.92,1675.75,2018-07-23
803,1684.2,1686.81,1667.95,1674.22,2018-07-24
804,1678.63,1695.2,1678.09,1690.08,2018-07-25
805,1700.53,1702.3,1689.69,1701.87,2018-07-26
806,1704.04,1709.58,1695.59,1701.79,2018-07-31
807,1705.48,1722.72,1703.39,1722.01,2018-08-01
808,1716.33,1718.41,1700.69,1708.28,2018-08-02
809,1708.19,1715.48,1706.54,1712.09,2018-08-03
810,1718,1721.05,1694.98,1696.24,2018-08-06
811,1701.01,1710.75,1692.01,1707.26,2018-08-07
812,1709.16,1723.5,1707.59,1721.64,2018-08-08
813,1722.69,1729.42,1716.9,1722.48,2018-08-09
814,1718.5,1719.03,1705.2,1705.96,2018-08-10
815,1692.77,1697.06,1684,1695.35,2018-08-14
816,1688.64,1690.24,1673.77,1676.29,2018-08-15
817,1673.33,1682.43,1664.9,1680.96,2018-08-16
818,1688.01,1694.39,1687.03,1690.04,2018-08-17
819,1698.97,1705.33,1693.9,1701.42,2018-08-20
820,1703.82,1707.63,1688.59,1694.63,2018-08-21
821,1695.94,1705.91,1695.34,1698.3,2018-08-22
822,1705.63,1709.9,1701.3,1704.8,2018-08-23
823,1701.31,1704.59,1697.59,1703.82,2018-08-24
824,1710.04,1717.45,1708.94,1717.24,2018-08-27
825,1723.96,1728.22,1716.57,1718.15,2018-08-28
826,1721.36,1723.03,1714.14,1722.26,2018-08-29
827,1726.28,1730.65,1720.41,1720.43,2018-08-30
828,1714.48,1721.99,1712.92,1721.58,2018-08-31
829,1721.94,1726.3,1718.87,1721.21,2018-09-03
830,1722.56,1724.86,1713.96,1714.41,2018-09-04
831,1709.26,1711.37,1685.95,1686.37,2018-09-05
832,1685.38,1694.05,1676.67,1693.94,2018-09-06
833,1687.95,1694.56,1683.58,1689.49,2018-09-07
834,1686.78,1692.16,1680.5,1691.51,2018-09-10
835,1690.65,1694.86,1672.4,1672.42,2018-09-11
836,1672.04,1680.54,1666.07,1679.39,2018-09-12
837,1691.04,1723.48,1690.84,1717.96,2018-09-13
838,1724.83,1727.83,1718.11,1722.21,2018-09-14
839,1717.99,1725.03,1711.57,1718.39,2018-09-17
840,1718.49,1748.76,1716.75,1744.42,2018-09-18
841,1749.63,1762.72,1747.47,1749.8,2018-09-19
842,1757.42,1762.17,1749.72,1752.11,2018-09-20
843,1758.8,1766.62,1753.32,1756.12,2018-09-21
844,1751.29,1759.51,1748.52,1749.42,2018-09-24
845,1753.66,1756.85,1745.73,1747.99,2018-09-25
846,1752.52,1755.57,1746.99,1749.93,2018-09-26
847,1751.7,1753.16,1735.58,1752.95,2018-09-27
848,1757.6,1758.95,1751.09,1756.41,2018-09-28
849,1762.3,1765.06,1757.74,1760.47,2018-10-01
850,1757.33,1762.24,1746.06,1748.09,2018-10-02
851,1753.79,1757.43,1741.96,1741.96,2018-10-03
852,1735.74,1740.59,1720.13,1729.4,2018-10-04
853,1726.41,1732.36,1718.12,1720.52,2018-10-05
854,1719.71,1728.24,1696.2,1696.22,2018-10-08
855,1699.99,1708.72,1690.92,1696.92,2018-10-09
856,1709.34,1721.82,1707.63,1721.82,2018-10-10
857,1679.27,1688.63,1673.59,1682.89,2018-10-11
858,1690.28,1699.6,1688.44,1696.16,2018-10-12
859,1697.56,1701.57,1689.83,1697.87,2018-10-16
860,1708.09,1710.39,1695.04,1695.04,2018-10-17
861,1692.15,1694.67,1681.24,1682.91,2018-10-18
862,1680.12,1681.92,1664.09,1667.91,2018-10-19
863,1669.82,1674.25,1654.9,1658.56,2018-10-22
864,1641.61,1647.9,1618.82,1623.37,2018-10-24
865,1605.91,1645.91,1596.4,1644.33,2018-10-25
866,1637.48,1639.67,1625.33,1628.96,2018-10-26
867,1632.26,1645.98,1630.73,1636.88,2018-10-29
868,1638.83,1645.31,1633.73,1638.51,2018-10-30
869,1651.07,1669.27,1649.27,1669.09,2018-10-31
870,1672.14,1674.87,1660.11,1667.55,2018-11-01
871,1675.09,1687.76,1672.09,1681.84,2018-11-02
872,1670.46,1673.01,1666.5,1670.58,2018-11-05
873,1677.45,1684.44,1669.22,1669.33,2018-11-06
874,1673.65,1676.09,1656.51,1675.33,2018-11-07
875,1685.29,1688.9,1681.25,1681.73,2018-11-08
876,1675.84,1677.51,1664.85,1668.52,2018-11-09
877,1672.85,1673.42,1654.8,1654.85,2018-11-12
878,1645.42,1664.51,1642.83,1659.78,2018-11-13
879,1655.09,1660.74,1646.24,1652.3,2018-11-14
880,1656.6,1658.02,1638.67,1638.83,2018-11-15
881,1640.47,1646.46,1632.94,1635,2018-11-16
882,1634.1,1640.53,1630.96,1636.48,2018-11-19
883,1631.81,1632.23,1610.18,1612.03,2018-11-20
884,1603.73,1622.14,1598.57,1617.33,2018-11-21
885,1616.95,1622.01,1603,1604.4,2018-11-22
886,1607.11,1623.01,1600.63,1622.1,2018-11-23
887,1621.99,1631.74,1616.97,1630.77,2018-11-26
888,1630.08,1636.89,1627.54,1634.27,2018-11-27
889,1636.59,1644.27,1635.37,1640.63,2018-11-28
890,1646.62,1650.69,1635.19,1636.49,2018-11-29
891,1640.7,1647.89,1633.44,1641.8,2018-11-30
892,1662.15,1675.43,1660.05,1672.61,2018-12-03
893,1674.53,1677.99,1669.1,1672.32,2018-12-04
894,1653.09,1658.64,1649.23,1653.73,2018-12-06
895,1656.11,1659.45,1648.33,1649.99,2018-12-07
896,1646.87,1647.88,1633.11,1633.62,2018-12-11
897,1642.42,1644.9,1632.34,1634.88,2018-12-12
898,1638.96,1642.2,1612.91,1614.99,2018-12-13
899,1613.23,1620.6,1602.42,1609.45,2018-12-14
900,1612.87,1615.63,1593.37,1601.48,2018-12-17
901,1594.1,1595.32,1580.58,1583.19,2018-12-18
902,1582.58,1601.17,1578.64,1601.12,2018-12-19
903,1594.86,1599.2,1583.11,1596.1,2018-12-20
904,1588.99,1601.58,1586.35,1595.33,2018-12-21
905,1589.69,1599.89,1588.56,1591.29,2018-12-24
906,1576.4,1576.75,1555,1556.65,2018-12-25
907,1556.95,1562,1548.99,1556.93,2018-12-26
908,1582.22,1585.77,1546.62,1548.37,2018-12-27
909,1550.87,1564.02,1549.7,1563.88,2018-12-28
910,1567.09,1575.22,1563.66,1565.94,2019-01-02
911,1571.48,1578.17,1556.77,1560.03,2019-01-03
912,1559.63,1575.13,1550.22,1575.13,2019-01-04
913,1584.74,1596.97,1582.69,1592.72,2019-01-07
914,1594.07,1597.35,1587.47,1594,2019-01-08
915,1604.21,1609.39,1587.53,1590.5,2019-01-09
916,1590.07,1599.1,1579.2,1587.63,2019-01-10
917,1591.21,1597.18,1586.93,1597.04,2019-01-11
918,1592.58,1594.06,1580.56,1582.57,2019-01-14
919,1587.17,1590.15,1574.37,1577,2019-01-15
920,1581.37,1582.44,1565.48,1577.41,2019-01-16
921,1578.14,1586.88,1576.84,1580.3,2019-01-17
922,1585.07,1588.75,1577.86,1583.77,2019-01-18
923,1586.72,1595.16,1585.24,1588.38,2019-01-21
924,1587.82,1601.8,1586.19,1601.77,2019-01-22
925,1601.72,1620.51,1600.35,1617.38,2019-01-23
926,1619.12,1628.21,1614.56,1620.53,2019-01-24
927,1625.59,1628.62,1617.78,1623.62,2019-01-25
928,1627.71,1634.7,1622.58,1625.03,2019-01-28
929,1623,1625.36,1616.45,1624.05,2019-01-29
930,1626.55,1632.83,1622.59,1632.6,2019-01-30
931,1640.34,1649.85,1639.9,1641.73,2019-01-31
932,1644.61,1655.34,1642.24,1651.4,2019-02-01
933,1655.42,1659.26,1652.14,1653.62,2019-02-04
934,1653.53,1654.98,1645.57,1653.09,2019-02-05
935,1655.14,1663.49,1653,1658.71,2019-02-06
936,1659.94,1667.01,1649.5,1653.11,2019-02-07
937,1647.63,1657.58,1637.58,1651.68,2019-02-08
938,1644.75,1647.49,1632.82,1638,2019-02-11
939,1637.48,1645.63,1635.54,1642.49,2019-02-12
940,1649.09,1657.12,1645.84,1655.73,2019-02-13
941,1658.41,1659.52,1650.13,1652.64,2019-02-14
942,1651.1,1652.06,1634.87,1636.94,2019-02-15
943,1644.99,1647.74,1635.71,1635.71,2019-02-18
944,1639.16,1647.21,1636.12,1645.38,2019-02-20
945,1646.96,1651.8,1642.49,1647.32,2019-02-21
946,1645.33,1661.09,1644.51,1659.2,2019-02-22
947,1665.3,1674.54,1664.92,1671.75,2019-02-25
948,1665.89,1670.77,1662.81,1663.56,2019-02-26
949,1663.92,1668.61,1659.62,1665.27,2019-02-27
950,1666.33,1666.74,1652.71,1653.48,2019-02-28
951,1655.27,1656.64,1640.57,1641.44,2019-03-01
952,1641.32,1643.53,1632.83,1635.3,2019-03-04
953,1633.51,1641.56,1629.55,1639,2019-03-05
954,1636.68,1639.42,1624.68,1625.51,2019-03-06
955,1624.76,1635.77,1623.32,1633.21,2019-03-07
956,1631.69,1637.46,1626.33,1630.12,2019-03-08
957,1633.45,1636.2,1625.06,1627.43,2019-03-11
958,1631.88,1633.97,1624.55,1627.59,2019-03-12
959,1626.42,1639.69,1623.75,1639.67,2019-03-13
960,1642.36,1643.56,1634.7,1635.88,2019-03-14
961,1636.82,1639.1,1625.41,1625.57,2019-03-15
962,1628.85,1630.45,1612.85,1617.57,2019-03-18
963,1617.87,1633.26,1617.01,1630.09,2019-03-19
964,1631.44,1635.42,1626.97,1627.62,2019-03-20
965,1631.79,1640.04,1631.41,1634,2019-03-21
966,1636.69,1646.94,1633.67,1646.29,2019-03-22
967,1632.03,1636.93,1617.89,1625.91,2019-03-25
968,1626.89,1634.19,1622.94,1632.32,2019-03-26
969,1632.27,1635.43,1624.26,1629.4,2019-03-27
970,1626.6,1637.6,1625.77,1634.25,2019-03-28
971,1639.31,1644.27,1635.24,1638.65,2019-03-29
972,1645.37,1651.14,1644.22,1644.64,2019-04-01
973,1650.54,1655.09,1647.93,1651.48,2019-04-02
974,1653.08,1654.02,1646.01,1649.06,2019-04-03
975,1649.39,1650.75,1640.01,1644.22,2019-04-04
976,1646.03,1649.99,1643.13,1646.18,2019-04-05
977,1650.55,1660.31,1648.23,1657.74,2019-04-09
978,1659.29,1664.68,1658.26,1662.13,2019-04-10
979,1661.57,1662.53,1656.33,1659.09,2019-04-11
980,1658,1662.6,1654.46,1660.45,2019-04-12
981,1665.68,1676,1664.04,1673.2,2019-04-17
982,1674.74,1677.14,1667.7,1675,2019-04-18
983,1675.37,1679.75,1671.83,1674.1,2019-04-19
984,1677.83,1683.79,1673.44,1673.48,2019-04-22
985,1674.82,1679.26,1670.75,1671.31,2019-04-23
986,1674.43,1676.84,1668.06,1673.43,2019-04-24
987,1673.25,1678.19,1670.84,1673.32,2019-04-25
988,1673.28,1674.01,1663.14,1667.15,2019-04-26
989,1665.57,1669.55,1663.33,1666.68,2019-04-29
990,1668.02,1676.64,1667.29,1673.52,2019-04-30
991,1677,1682.5,1675.9,1679.17,2019-05-02
992,1676.57,1682.06,1676.01,1679.05,2019-05-03
993,1669.38,1675.16,1665.58,1669.68,2019-05-07
994,1662.05,1663.4,1650.24,1654.01,2019-05-08
995,1653.12,1659.38,1646.07,1646.8,2019-05-09
996,1654.26,1656.37,1638.71,1648.69,2019-05-10
997,1648.09,1652.33,1634.93,1640.13,2019-05-13
998,1631.52,1639.63,1629.56,1633.84,2019-05-14
999,1636.83,1638.94,1621.27,1621.27,2019-05-15
1000,1623.33,1626.08,1604.76,1614.75,2019-05-16
1001,1618.99,1622.33,1606.69,1608.11,2019-05-17
1002,1608.82,1616.55,1602.56,1610.49,2019-05-21
1003,1616.55,1628.06,1616.49,1626.91,2019-05-22
1004,1622.21,1625.98,1608.26,1609.79,2019-05-23
1005,1604.67,1617.62,1599.1,1614.12,2019-05-24
1006,1619.66,1628.34,1614.05,1624.84,2019-05-27
1007,1627.86,1632.47,1618.33,1632.04,2019-05-28
1008,1631.29,1632.06,1618.71,1619.36,2019-05-29
1009,1619.26,1628.37,1618.63,1621.57,2019-05-30
1010,1620.58,1627.33,1612.17,1620.22,2019-05-31
1011,1624.65,1640.54,1622.99,1637.69,2019-06-04
1012,1647.52,1650.7,1642.35,1648.46,2019-06-05
1013,1648.54,1655.33,1643.27,1653.41,2019-06-06
1014,1656.84,1658.93,1650.3,1653.5,2019-06-07
1015,1661.72,1667.69,1661.37,1664.73,2019-06-10
1016,1667.55,1675.6,1663.36,1670.41,2019-06-11
1017,1669.08,1672.5,1665.02,1671.11,2019-06-12
1018,1669.53,1675.84,1663.39,1674.14,2019-06-13
1019,1673.55,1675.9,1667.38,1672.33,2019-06-14
1020,1674.26,1678.2,1667.15,1667.23,2019-06-17
1021,1667.3,1683.78,1665.19,1683.6,2019-06-18
1022,1693.85,1711.89,1691.95,1705.98,2019-06-19
1023,1711.37,1722.9,1708.12,1717.82,2019-06-20
1024,1722.6,1727.83,1714.09,1717.14,2019-06-21
1025,1722.64,1724.23,1713.02,1716,2019-06-24
1026,1716.05,1725.42,1707.77,1721.33,2019-06-25
1027,1717.19,1723.24,1715.41,1722.21,2019-06-26
1028,1726.77,1735.88,1725.55,1731.64,2019-06-27
1029,1731.89,1735.61,1729.46,1730.34,2019-06-28
1030,1744.13,1747.53,1739.48,1740.91,2019-07-01
1031,1738.84,1741.64,1730.05,1732.23,2019-07-02
1032,1733.51,1742.17,1729.79,1738.51,2019-07-03
1033,1741.31,1747.11,1714.98,1724.37,2019-07-04
1034,1725.45,1731.84,1719.61,1731.23,2019-07-05
1035,1727.1,1734.13,1722.53,1731.03,2019-07-08
1036,1728.46,1734.35,1721.33,1721.48,2019-07-09
1037,1726.73,1741.76,1724.58,1739.43,2019-07-10
1038,1745.85,1748.15,1738.63,1740.45,2019-07-11
1039,1744.73,1746.21,1728.36,1731.59,2019-07-12
1040,1733.77,1737.65,1727.98,1727.98,2019-07-15
1041,1726.04,1729.88,1717.82,1718.85,2019-07-17
1042,1714.75,1725.94,1714.41,1723.44,2019-07-18
1043,1734.38,1738.7,1732.16,1735.1,2019-07-19
1044,1733.24,1735.88,1723.64,1727.58,2019-07-22
1045,1730.7,1732.69,1719.93,1724.87,2019-07-23
1046,1727.81,1730.71,1720.6,1725.44,2019-07-24
1047,1727.13,1732.92,1725.47,1730.9,2019-07-25
1048,1729.26,1730.08,1714.81,1717.97,2019-07-26
1049,1718.55,1722.2,1704.03,1706.49,2019-07-30
1050,1704.04,1716.05,1702.72,1711.97,2019-07-31
1051,1706.56,1709.05,1694.93,1699.75,2019-08-01
1052,1680.52,1687.15,1671.97,1684.71,2019-08-02
1053,1675.02,1681.36,1664.73,1665.99,2019-08-05
1054,1652.72,1673.38,1647.49,1671.48,2019-08-06
1055,1672.52,1681.81,1665.14,1669.44,2019-08-07
1056,1670.93,1673.84,1660.36,1665.12,2019-08-08
1057,1672.22,1675.44,1649.52,1650.64,2019-08-09
1058,1642.82,1644.15,1619.03,1620.23,2019-08-13
1059,1634.72,1640.92,1612.09,1619.45,2019-08-14
1060,1605,1614.08,1590.55,1604.03,2019-08-15
1061,1608.98,1632.42,1607.22,1631.4,2019-08-16
1062,1639.42,1643.65,1633.79,1637.26,2019-08-19
1063,1642.82,1643.41,1621.85,1625.57,2019-08-20
1064,1628.55,1642.07,1623.24,1638.24,2019-08-21
1065,1628.1,1638.03,1627.3,1633.56,2019-08-22
1066,1637.7,1646.74,1636.2,1646.68,2019-08-23
1067,1620.36,1624.77,1609.4,1622.73,2019-08-26
1068,1625.04,1630.55,1612.1,1615.47,2019-08-27
1069,1618.3,1624.27,1615.19,1616.93,2019-08-28
1070,1621.92,1639.17,1621.06,1639.14,2019-08-29
1071,1647.06,1654.93,1643.04,1654.92,2019-08-30
1072,1651.2,1658.66,1646.59,1654.11,2019-09-02
1073,1657.3,1660.26,1642.23,1642.25,2019-09-03
1074,1650.87,1664.56,1647.29,1658.64,2019-09-04
1075,1670.91,1673.84,1663.34,1669.79,2019-09-05
1076,1677.41,1679.65,1667.61,1670.06,2019-09-06
1077,1673.22,1676.62,1666.61,1671.22,2019-09-09
1078,1675.1,1677.47,1662.28,1665.93,2019-09-10
1079,1669.36,1674.73,1661.66,1674.03,2019-09-11
1080,1678.32,1679.03,1659.42,1660.68,2019-09-12
1081,1664.37,1667.49,1655.95,1661.96,2019-09-13
1082,1666.77,1668.77,1658.65,1662.93,2019-09-16
1083,1661.59,1670.62,1659.14,1663.93,2019-09-17
1084,1663.62,1664.81,1650.64,1654.14,2019-09-18
1085,1656.66,1660.81,1638.47,1640.66,2019-09-19
1086,1641.23,1644.29,1627.9,1636.2,2019-09-20
1087,1635.31,1636.16,1620.77,1622.79,2019-09-23
1088,1623.6,1634.04,1622.75,1630.5,2019-09-24
1089,1624.69,1630.56,1621.63,1628.38,2019-09-25
1090,1633.92,1638.25,1630.81,1636.75,2019-09-26
1091,1636.42,1648.67,1630.39,1643.76,2019-09-27
1092,1643.13,1645.06,1634.1,1637.22,2019-09-30
1093,1637.59,1639.14,1623.03,1624.09,2019-10-01
1094,1617.83,1619.34,1608.89,1613.64,2019-10-02
1095,1606.38,1614.84,1605.13,1610.69,2019-10-03
1096,1613.7,1615.33,1603.61,1605.96,2019-10-04
1097,1611.74,1616.06,1607.32,1613.71,2019-10-07
1098,1620.29,1623.56,1609.27,1612.17,2019-10-08
1099,1610.65,1617.38,1603.97,1616.18,2019-10-09
1100,1614.07,1615.25,1606.71,1607.5,2019-10-10
1101,1613.47,1627.26,1613.08,1626,2019-10-11
1102,1631.05,1633.89,1621.73,1627.01,2019-10-15
1103,1629.88,1636.51,1628.87,1634.46,2019-10-16
1104,1638.98,1640.15,1630.47,1632.8,2019-10-17
1105,1634.4,1637.36,1623.38,1631.43,2019-10-18
1106,1630.43,1631.63,1619.49,1620.78,2019-10-21
1107,1625.06,1631.94,1624.44,1631.46,2019-10-22
1108,1636.07,1637.49,1617.59,1620.97,2019-10-24
1109,1620.61,1622.66,1592.66,1593.28,2019-10-25
1110,1591.64,1599.1,1579.13,1596.48,2019-10-28
1111,1601.44,1605.45,1588.82,1591.21,2019-10-29
1112,1594.4,1601.83,1589.48,1601.83,2019-10-30
1113,1606.71,1610.03,1600.23,1601.49,2019-10-31
1114,1600.73,1603.53,1589.72,1592.52,2019-11-01
1115,1601.9,1624.83,1600.95,1622.25,2019-11-04
1116,1628.73,1629.77,1617.72,1626.87,2019-11-05
1117,1627.23,1631.34,1621.34,1623.99,2019-11-06
1118,1623.64,1641.38,1620.12,1640.88,2019-11-07
1119,1641.55,1642.5,1634.5,1637.85,2019-11-08
1120,1632.77,1634.09,1619.02,1622.12,2019-11-11
1121,1625.42,1632.82,1622.18,1626.2,2019-11-12
1122,1621.91,1627.45,1610.93,1615.14,2019-11-13
1123,1616.61,1619.86,1605.32,1609.47,2019-11-14
1124,1613.3,1615.48,1595.32,1602.23,2019-11-15
1125,1605.19,1609.99,1596.8,1608,2019-11-18
1126,1605.47,1609.3,1600.05,1607.25,2019-11-19
1127,1599.42,1603.57,1595.01,1596.83,2019-11-20
1128,1594.95,1595.77,1583.77,1591.86,2019-11-21
1129,1595.38,1599.49,1591.18,1597.72,2019-11-22
1130,1603.13,1614.8,1601.76,1614.8,2019-11-25
1131,1618.15,1620.6,1608.64,1609.38,2019-11-26
1132,1611.85,1613.81,1604.34,1607.27,2019-11-27
1133,1607.97,1608.67,1595.11,1597.68,2019-11-28
1134,1594.04,1594.54,1580.08,1590.59,2019-11-29
1135,1588.59,1589.34,1566.68,1569.53,2019-12-02
1136,1562.63,1574.12,1561.46,1567.63,2019-12-03
1137,1562.22,1570.39,1556.51,1565.45,2019-12-04
1138,1571.1,1575.79,1558.5,1558.99,2019-12-06
1139,1559.84,1559.93,1548.01,1552.96,2019-12-09
1140,1555.38,1559.19,1546.51,1551.82,2019-12-11
1141,1558.6,1568.62,1557.1,1563.85,2019-12-12
1142,1577.38,1582.16,1570.07,1573.91,2019-12-13
1143,1572.64,1573.41,1549.69,1549.74,2019-12-16
1144,1551.71,1556.82,1543.22,1548.65,2019-12-17
1145,1555.55,1566.27,1554.99,1563.74,2019-12-18
1146,1558.8,1576.5,1552.88,1573.51,2019-12-19
1147,1572.61,1576.43,1566.77,1572.92,2019-12-20
1148,1574.85,1581.4,1571.3,1573.57,2019-12-23
1149,1575.03,1576.56,1567.27,1568.63,2019-12-24
1150,1566.59,1574.41,1564.85,1573,2019-12-25
1151,1573.81,1579.33,1573.44,1579.03,2019-12-26
1152,1583.46,1588.02,1568.05,1578.22,2019-12-27
1153,1581.05,1583.86,1575.92,1579.84,2019-12-30
1154,1584.35,1597.92,1583.18,1595.82,2020-01-02
1155,1596.95,1604.43,1592.9,1594.97,2020-01-03
1156,1584.13,1585.56,1565.93,1568.5,2020-01-06
1157,1578.52,1585.44,1570.04,1585.23,2020-01-07
1158,1569.82,1572.03,1555.75,1559.27,2020-01-08
1159,1572.74,1581.5,1568.16,1579.64,2020-01-09
1160,1583.48,1584.16,1573.8,1580.63,2020-01-10
1161,1586.13,1588.79,1579.34,1586.16,2020-01-13
1162,1589.68,1592.84,1579.83,1586.9,2020-01-14
1163,1582.96,1587.77,1575.98,1581.05,2020-01-15
1164,1582.77,1598.38,1581.75,1595.87,2020-01-16
1165,1600.28,1604.28,1595.96,1600.48,2020-01-17
1166,1597.5,1598.7,1586.73,1589.11,2020-01-20
1167,1584.17,1587.85,1573.26,1574.94,2020-01-21
1168,1579.25,1580.34,1566.86,1574.59,2020-01-22
1169,1570.66,1577.92,1567.1,1573.7,2020-01-23
1170,1575.07,1576.68,1567.07,1569.55,2020-01-24
1171,1546.9,1548.11,1519.03,1524.15,2020-01-27
1172,1519.55,1535.23,1507.36,1513.26,2020-01-28
1173,1522.88,1528.14,1511.15,1524.59,2020-01-29
1174,1516.36,1525.17,1515.68,1523.99,2020-01-30
1175,1528.86,1532.09,1514.14,1514.14,2020-01-31
1176,1507.28,1513.43,1495.94,1496.06,2020-02-03
1177,1501.34,1520.1,1499.21,1519.38,2020-02-04
1178,1521.67,1534.93,1516.55,1534.14,2020-02-05
1179,1538.29,1541.81,1530.51,1535.79,2020-02-06
1180,1536.28,1539.36,1527.34,1535.24,2020-02-07
1181,1538.31,1539.43,1522.97,1523.93,2020-02-11
1182,1530.59,1542.76,1529.15,1539.84,2020-02-12
1183,1539.31,1542.19,1530.44,1532.77,2020-02-13
1184,1537.16,1540.46,1524.15,1526.3,2020-02-14
1185,1528.48,1532.87,1523.74,1527.25,2020-02-17
1186,1521,1522.33,1510.52,1513.68,2020-02-18
1187,1517.78,1523.61,1501.74,1505.54,2020-02-19
1188,1504.48,1504.95,1484.51,1491.24,2020-02-20
1189,1480.53,1495.17,1476.89,1495.09,2020-02-21
1190,1473.57,1474.12,1435.56,1435.56,2020-02-24
1191,1436.24,1446.63,1416.4,1439.1,2020-02-25
1192,1425.56,1428.35,1366.41,1366.41,2020-02-26
1193,1369.83,1397.69,1355.63,1395.08,2020-02-27
1194,1348.46,1357.15,1337,1340.52,2020-02-28
1195,1355.99,1358.52,1317.45,1335.72,2020-03-02
1196,1357.72,1380.39,1352.22,1375.02,2020-03-03
1197,1361.44,1380.82,1358.24,1378.61,2020-03-04
1198,1391.35,1408.35,1390.83,1390.83,2020-03-05
1199,1373.19,1374.2,1359.75,1364.57,2020-03-06
1200,1272.95,1299.77,1249.31,1255.94,2020-03-09
1201,1262.8,1285.65,1258.7,1271.25,2020-03-10
1202,1268.56,1281.63,1238,1249.89,2020-03-11
1203,1184.16,1187.39,1095.37,1114.91,2020-03-12
1204,1008.06,1164.16,969.08,1128.91,2020-03-13
1205,1072.3,1105.2,1043.79,1046.08,2020-03-16
1206,1045.09,1068.85,1035.16,1035.17,2020-03-17
1207,1053.04,1076.16,1026.89,1048.15,2020-03-18
1208,1019.07,1048.8,1010.6,1044.19,2020-03-19
1209,1077.65,1133.56,1070.05,1127.24,2020-03-20
1210,1045.65,1065.67,1022.83,1024.46,2020-03-23
1211,1064.33,1067.51,1024.38,1033.84,2020-03-24
1212,1063.23,1099.94,1050.72,1080.03,2020-03-25
1213,1074.64,1103.59,1072.94,1091.96,2020-03-26
1214,1112.83,1124.28,1089.14,1099.76,2020-03-27
1215,1087.35,1094.12,1073.37,1087.82,2020-03-30
1216,1108.79,1127.92,1104.12,1125.86,2020-03-31
1217,1117.51,1132.1,1105.34,1105.51,2020-04-01
1218,1113.91,1142.47,1105.31,1138.27,2020-04-02
1219,1150.86,1156.59,1130.54,1138.84,2020-04-03
1220,1184.87,1220.67,1173.14,1214.95,2020-04-07
1221,1202,1213.55,1192.98,1205.77,2020-04-08
1222,1220.78,1243.5,1202.25,1210.48,2020-04-09
1223,1207.47,1221.55,1206.62,1214.72,2020-04-10
