Foreign Exchange Rates as of   5 September 2019
2. Foreign Exchange Rates (THOMSON REUTERS) with Bangkok Market Crossing   
Country|Currency|Buying Rates|Selling Rates
MEXICO|MXN|1.5414|1.5584
SOUTH AFRICA|ZAR|2.0538|2.0765
KOREA, REPUBLIC OF|KRW|0.0252|0.0255
TAIWAN|TWD|0.9720|0.9828
KUWAIT|KWD|100.0141|101.1181
SAUDI ARABIA|SAR|8.1036|8.1931
UNITED ARAB EMIRATES|AED|8.2746|8.3659
MYANMAR|MMK|0.0198|0.0201
BANGLADESH|BDT|0.3597|0.3637
CZECH REPUBLIC|CZK|1.2965|1.3108
CAMBODIA (100 Riel)|KHR|0.7437|0.7519
KENYA|KES|0.2925|0.2958
LAO PEOPLE'S DEMOCRATIC REPUBLIC (100 Kip)|LAK|0.3456|0.3494
RUSSIAN FEDERATION|RUB|0.4593|0.4644
VIET NAM (100 Dong)|VND|0.1310|0.1325
EGYPT|EGP|1.8393|1.8596
POLAND|PLN|7.7286|7.8139
SRI LANKA|LKR|0.1683|0.1702
IRAQ|IQD|0.0255|0.0258
BAHRAIN|BHD|80.6215|81.5114
OMAN|OMR|78.9462|79.8177
JORDAN|JOD|42.8693|43.3425
QATAR|QAR|8.3478|8.4399
MALDIVES|MVR|1.9660|1.9877
NEPAL|NPR|0.2634|0.2663
PAPUA NEW GUINEA|PGK|8.9511|9.0499
ISRAEL|ILS|8.6159|8.7110
HUNGARY|HUF|0.1018|0.1029
PAKISTAN|PKR|0.1939|0.1960
 Released on 5 September 2019
"NOTICE :  Myanmar's central bank has set a reference exchange rate under a managed float currency regime starting from 02 April 2012."
